S&atilde;o Paulo | Todos os Munic&iacute;pios,,,,,,,,,,,,
Munic&iacute;pio [-],C&oacute;digo [-],Gent&iacute;lico [-],Prefeito [2021],&Aacute;rea Territorial - km&sup2; [2020],Popula&ccedil;&atilde;o estimada - pessoas [2020],Densidade demogr&aacute;fica - hab/km&sup2; [2010],Escolariza&ccedil;&atilde;o &lt;span&gt;6 a 14 anos&lt;/span&gt; - % [2010],IDHM &lt;span&gt;&Iacute;ndice de desenvolvimento humano municipal&lt;/span&gt; [2010],Mortalidade infantil - &oacute;bitos por mil nascidos vivos [2017],Receitas realizadas - R$ (&times;1000) [2017],Despesas empenhadas - R$ (&times;1000) [2017],PIB per capita - R$ [2018]
Adamantina,3500105,adamantinense,MARCIO CARDIM,411.987,35111,82.15,97.6,790,11.63,16.071.867.925,13.708.366.993,30962.66
Adolfo,3500204,adolfino,IZAEL ANTONIO FERNANDES,211.055,3554,16.85,98.6,730,19.23,2.733.374.731,2.010.387.713,25867.75
Agua&iacute;,3500303,aguaiano,JOS&Eacute; ALEXANDRE PEREIRA DE ARA&Uacute;JO,474.554,36648,67.72,95.8,715,16.06,8.409.476.006,7.216.873.408,28041.03
&Aacute;guas da Prata,3500402,pratense,REGINA HELENA JANIZELO MORAES,142.673,8221,53.05,98.8,781,25.32,2.939.024.814,2.436.340.149,20683.88
&Aacute;guas de Lind&oacute;ia,3500501,lindoiense,GILBERTO ABDOU HELOU,60.126,18808,287.16,96.2,745,8.37,8.694.922.213,7.520.147.793,26427.34
&Aacute;guas de Santa B&aacute;rbara,3500550,santa-barbarense,AROLDO JOSE CAETANO,404.463,6109,13.83,98.2,757,23.26,3.448.419.534,2.847.194.804,27620.94
&Aacute;guas de S&atilde;o Pedro,3500600,&aacute;gua-pedrense,JO&Atilde;O VICTOR BARBOZA,3.612,3521,488.89,98.4,854,38.46,2.515.775.668,2.270.999.284,40220.90
Agudos,3500709,agudense,FERNANDO OCTAVIANI,966.708,37401,35.73,97.9,745,12.13,15.998.062.054,14.341.768.289,59513.01
Alambari,3500758,alambariense,JO&Atilde;O PAULO DANTAS PINTO,159.600,6129,30.66,99.3,712,25.00,2.371.099.557,2.183.901.214,16981.63
Alfredo Marcondes,3500808,marcondense,CELSO PIRANI PASSOS,118.915,4184,32.86,98.6,741,20.83,164.789.668,1.511.197.897,20104.35
Altair,3500907,altairense,MARCO ANTONIO FERREIRA,313.007,4186,12.16,96,687,20.41,2.231.894.651,1.941.076.045,25842.48
Altin&oacute;polis,3501004,altinopolense,JOS&Eacute; ROBERTO FERRACIN MARQUES,928.956,16203,16.80,99.3,730,16.39,7.214.419.151,5.543.605.472,30792.08
Alto Alegre,3501103,alto-alegrense,CARLOS SUSSUMI IVAMA,318.574,4088,12.86,95.1,700,33.33,208.464.169,1.823.622.271,26207.29
Alum&iacute;nio,3501152,aluminense,ANTONIO PIASSENTINI,83.660,18767,201.28,98.8,766,20.33,7.539.742.207,7.257.258.372,113887.93
&Aacute;lvares Florence,3501202,alvares florencense,ADILSON BATISTA LEITE,362.411,3647,10.74,99.3,728,26.32,2.047.081.479,1.824.110.731,32245.70
&Aacute;lvares Machado,3501301,machadense,ROGER FERNANDES GASQUES,347.647,24998,67.69,98.3,758,18.13,628.813.731,602.969.844,21374.06
&Aacute;lvaro de Carvalho,3501400,carvalhense,ADILSON DE OLIVEIRA LOPES,153.662,5274,30.36,99.2,688,17.54,1.794.308.204,1.644.113.972,9632.45
Alvinl&acirc;ndia,3501509,alvinlandense,ABIGAIL CATELI DIAS,84.879,3237,35.38,99.3,722,21.74,153.064.017,1.294.054.398,16190.38
Americana,3501608,americanense,FRANCISCO ANTONIO SARDELLI,133.912,242018,1572.75,98,811,7.47,7.740.325.912,7.097.438.111,47793.48
Am&eacute;rico Brasiliense,3501707,am&eacute;rico-brasiliense,DIRCEU BRAS PANO,122.958,41032,280.91,98.6,751,16.00,9.979.119.948,10.079.916.438,24008.70
Am&eacute;rico de Campos,3501806,americampense,CARLOS ROBERTO ACHILLES,252.876,5981,22.54,98.2,745,19.61,2.321.851.517,2.140.683.023,19767.04
Amparo,3501905,amparense,CARLOS ALBERTO MARTINS,445.323,72677,147.75,95.7,785,5.65,26.229.966.169,24.072.795.422,64804.88
Anal&acirc;ndia,3502002,analandense,PAULO HENRIQUE FRANCESCHINI,325.953,5056,13.18,99.7,754,21.28,3.122.486.385,309.675.513,37298.53
Andradina,3502101,andradinense,MARIO CELSO LOPES,964.226,57202,57.39,98.2,779,13.35,16.695.527.105,14.735.321.707,33661.69
Angatuba,3502200,angatubense,LUIZ ANTONIO MACHADO,1.027.288,25479,21.61,98.3,719,6.31,8.216.930.165,6.630.615.913,40386.56
Anhembi,3502309,anhembiense,MIGUEL VIEIRA MACHADO NETO,736.557,6819,7.67,97.2,721,14.08,3.134.697.388,2.990.798.478,27144.44
Anhumas,3502408,anhumense,ADAILTON CESAR MENOSSI,320.840,4144,11.66,98.3,741,33.33,1.992.885.581,1.761.483.672,18317.06
Aparecida,3502507,aparecidense,LUIZ CARLOS DE SIQUEIRA,120.890,36185,289.13,98.4,755,6.25,11.161.276.459,9.827.114.272,29969.65
Aparecida d'Oeste,3502606,aparecidense,IZAIAS APARECIDO SANCHEZ,179.004,4158,24.86,97.7,721,21.74,1.956.067.564,1.774.429.241,30365.95
Apia&iacute;,3502705,apiaiense,LUCIANO POLACZEK NETO,974.322,24226,25.85,97.3,710,16.67,7.109.028.962,650.666.608,24247.23
Ara&ccedil;ariguama,3502754,ara&ccedil;ariguamense,RODRIGO DE ANDRADE,145.204,22860,117.63,98.2,704,12.01,1.099.014.892,9.890.372.356,149668.66
Ara&ccedil;atuba,3502804,ara&ccedil;atubense,DILADOR BORGES DAMASCENO,1.167.126,198129,155.54,97.6,788,11.02,52.409.605.565,48.979.965.507,37521.17
Ara&ccedil;oiaba da Serra,3502903,ara&ccedil;oiabano,JOSE CARLOS DE QUEVEDO JUNIOR,255.327,34776,106.88,99.4,776,7.23,13.756.359.258,8.257.797.635,25731.56
Aramina,3503000,araminense,MARIA MADALENA DA SILVA,202.829,5655,25.39,98.7,740,14.49,2.382.600.133,218.444.276,22669.33
Arandu,3503109,aranduense,FLAVIO CARLOMAGNO GALHEGO,285.908,6365,21.42,98.4,685,30.93,3.044.516.322,3.041.449.906,18522.28
Arape&iacute;,3503158,arapeiense,REN&Ecirc; L&Uacute;CIO GON&Ccedil;ALVES,156.903,2460,15.89,98.7,680,71.43,1.529.720.594,1.264.783.575,12390.56
Araraquara,3503208,araraquarense,EDSON ANT&Ocirc;NIO EDINHO DA SILVA,1.003.625,238339,207.90,98.7,815,10.46,81.319.467.742,79.761.315.061,40253.93
Araras,3503307,ararense,PEDRO ELISEU FILHO,644.831,135506,184.30,97.5,781,12.11,543.415.814,47.276.251.826,41863.92
Arco-&Iacute;ris,3503356,arcoirense,ALDO MANSANO FERNANDES,264.904,1773,7.27,99.1,722,33.33,1.487.626.005,1.239.160.573,29273.95
Arealva,3503406,arealvense,ELSON BANUTH BARRETO,506.226,8613,15.53,99.6,744,21.05,2.804.266.791,2.370.469.254,27135.55
Areias,3503505,areiense,PAULO HENRIQUE DE SOUZA COUTINHO,305.227,3896,12.11,96.8,697,21.28,173.399.579,1.591.897.697,11126.84
Arei&oacute;polis,3503604,areiopolitano,ANTONIO MARCOS DOS SANTOS,85.907,11158,123.35,97.3,695,22.90,3.168.303.985,2.765.950.588,12884.23
Ariranha,3503703,ariranhense,JOAMIR ROBERTO BARBOZA,132.624,9761,64.19,99.6,733,25.00,464.712.831,3.979.184.863,76108.12
Artur Nogueira,3503802,nogueirense,LUCAS SIA RISSATO,178.026,55340,248.15,98.3,749,7.36,1.516.913.716,141.937.105,22156.59
Aruj&aacute;,3503901,arujaense,LUIS ANTONIO DE CAMARGO,96.167,91157,779.33,98.2,784,16.32,28.527.824.609,24.738.693.664,69588.09
Asp&aacute;sia,3503950,aspasiense,IVAN DE PAULA,69.373,1818,26.09,97.1,735,-,1.574.694.939,1.347.252.382,19290.58
Assis,3504008,assisense,JOS&Eacute; APARECIDO FERNANDES,460.609,105087,206.70,98.9,805,7.69,35.475.202.841,28.856.658.779,32443.96
Atibaia,3504107,atibaiano,EMIL ONO,478.521,144088,264.57,97.3,765,11.07,48.934.276.239,46.527.938.024,50498.62
Auriflama,3504206,auriflamense,KATIA CONCEI&Ccedil;&Atilde;O MORITA DE CARVALHO,434.498,15253,32.72,98.8,773,5.85,4.395.308.385,3.907.089.907,20155.43
Ava&iacute;,3504305,avaiense,HELLEN FERNANDES RODRIGUES COELHO,540.689,5436,9.18,99.4,714,14.08,2.094.163.736,18.277.667,50644.08
Avanhandava,3504404,avanhandavense,CIRO AUGUSTO MOURA VENERONI,338.370,13859,33.40,97.2,705,6.37,4.796.929.454,4.172.229.587,23782.13
Avar&eacute;,3504503,avareense,JOSELYR BENEDITO COSTA SILVESTRE,1.213.055,91232,68.37,97.9,767,11.49,31.271.850.318,27.855.738.041,30391.62
Bady Bassitt,3504602,badiense,LUIZ ANTONIO TOBARDINI,110.372,17761,132.32,98.5,746,4.65,6.386.975.059,5.503.085.403,20504.81
Balbinos,3504701,balbinense,BENEDITO JACKSON BALANCIERI,91.635,5934,40.40,98.9,669,55.56,1.516.928.571,1.405.214.424,10405.42
B&aacute;lsamo,3504800,balsamense,CARLOS EDUARDO CARMONA LOUREN&Ccedil;O,149.881,9139,54.18,99,756,11.76,2.456.988.605,2.276.147.872,22575.02
Bananal,3504909,bananalense,WILLIAM LANDIM DA SILVA,616.429,10993,16.58,97.1,733,21.28,349.816.939,3.169.134.202,16937.75
Bar&atilde;o de Antonina,3505005,bar&atilde;oense,RODRIGO WALDEMAR MARQUES,153.142,3498,20.35,100,711,17.54,1.639.190.513,1.412.696.188,15482.60
Barbosa,3505104,barbosano,RODRIGO PRIMO ANTUNES,205.212,7468,32.14,98.4,699,11.36,2.318.635.882,2.006.111.119,12939.48
Bariri,3505203,baririense,ABELARDO MAURICIO MARTINS SIMOES FILHO,444.405,35558,71.14,96.3,750,9.98,10.301.158.401,9.291.584.917,33185.53
Barra Bonita,3505302,barra-bonitense,JOSE LUIS RICI,150.121,36126,235.12,99.8,788,13.42,11.563.620.768,1.034.400.716,35500.64
Barra do Chap&eacute;u,3505351,barrense,IVANIL NORBERTO PEREIRA NOLASCO,405.681,5760,12.93,96.9,660,27.78,1.535.893.517,1.645.513.088,14278.54
Barra do Turvo,3505401,barra-turvense,JEFFERSON LUIZ MARTINS,1.007.684,7632,7.67,95.6,641,12.05,3.554.980.915,3.200.527.199,11840.74
Barretos,3505500,barretense,PAULA OLIVEIRA LEMOS,1.566.161,122833,71.60,97.8,789,14.57,52.612.769.013,54.357.856.644,40046.22
Barrinha,3505609,barrinhense,JOSE MARCOS MARTINS,146.025,33180,195.66,97.5,725,8.51,8.134.919.113,7.259.476.774,15960.29
Barueri,3505708,barueriense,RUBENS FURLAN,65.701,276982,3665.21,97.8,786,8.47,274.182.670.456,245.013.078.723,186382.33
Bastos,3505807,bastense,MANOEL IRONIDES ROSA,170.912,20953,118.95,98.5,751,10.34,5.938.025.797,5.041.974.043,45791.98
Batatais,3505906,batataense,LUIS FERNANDO BENEDINI GASPAR JUNIOR,849.526,62980,66.48,97.7,761,14.75,17.411.385.633,15.720.301.525,25636.34
Bauru,3506003,bauruense,SUELLEN SILVA ROSIM,667.684,379297,515.12,96.9,801,12.98,130.295.188.209,117.232.348.483,39121.44
Bebedouro,3506102,bebedourense,LUCAS GIBIN SEREN,683.192,77555,109.81,98.5,780,9.88,21.820.119.978,26.294.413.955,43191.17
Bento de Abreu,3506201,bento-abreuense,JOS&Eacute; LUIZ MAREGA,301.687,3005,8.87,97.9,744,32.26,1.835.707.305,1.617.083.182,56699.61
Bernardino de Campos,3506300,bernardinense,WILSON JOSE GARCIA,244.158,11158,44.12,98.3,734,20.27,3.264.722.923,2.949.533.563,19777.19
Bertioga,3506359,bertioguense,CAIO ARIAS MATHEUS,491.546,64723,97.21,98.1,730,16.27,42.937.428.458,34.953.846.811,27384.29
Bilac,3506409,bilaquense,VITOR OSMAR BOTINI,158.025,8117,44.63,99,768,26.67,2.992.548.339,2.529.308.059,24284.98
Birigui,3506508,biriguiense,LEANDRO MAFFEIS MILANI,530.031,124883,204.79,98,780,14.67,36.395.217.165,35.071.805.117,27268.69
Biritiba Mirim,3506607,biritibano,CARLOS ALBERTO TAINO JUNIOR,317.406,32936,90.03,97.7,712,15.23,6.800.667.889,6.401.243.166,21320.35
Boa Esperan&ccedil;a do Sul,3506706,boa-esperancense,JOS&Eacute; MANOEL DE SOUZA,690.748,15018,19.75,96,681,17.65,5.160.480.184,4.019.062.552,20877.23
Bocaina,3506805,bocainense,MARCO ANTONIO GIRO,363.926,12452,29.84,99.3,742,32.00,3.793.181.899,3.744.281.588,17819.21
Bofete,3506904,bofetense,CLAUDECIO JOSE EBURNEO,653.541,11921,14.72,95.1,705,08.06,3.859.894.168,3.295.507.294,16223.00
Boituva,3507001,boituvense,EDSON JOS&Eacute; MARCUSSO,248.954,62170,194.07,98.7,780,11.10,19.805.702.674,19.051.618.094,39829.36
Bom Jesus dos Perd&otilde;es,3507100,perdoense,BENEDITO RODRIGUES DA SILVA FILHO,108.366,25985,181.87,97.7,713,12.16,8.225.802.662,6.784.087.637,36485.98
Bom Sucesso de Itarar&eacute;,3507159,bom sucessiense,VANDERLEIA APARECIDA DOS SANTOS SOUZA,133.578,3984,26.73,98.3,660,14.29,1.685.496.935,1.489.340.022,15972.41
Bor&aacute;,3507209,boraense,LUIZ CARLOS RODRIGUES,118.951,838,6.80,94.6,746,-,1.270.199.598,977.339.024,84796.15
Borac&eacute;ia,3507308,boraceense,VALDIR DE SOUZA MELO,122.110,4868,34.95,99.3,754,18.18,2.463.933.308,222.448.319,80228.55
Borborema,3507407,borboremense,VLADIMIR ANTONIO ADABO,552.256,16164,26.31,98.3,730,13.25,4.743.325.277,4.163.090.222,23374.91
Borebi,3507456,borebiense,ANDERSON PINHEIRO DE GOES,347.989,2683,6.59,99.5,705,55.56,1.863.130.925,1.568.580.692,24905.82
Botucatu,3507506,botucatuense,M&Aacute;RIO EDUARDO PARDINI AFFONSECA,1.482.642,148130,85.88,97.8,800,13.99,40.144.376.209,34.809.799.717,31925.21
Bragan&ccedil;a Paulista,3507605,bragantino,JESUS ADIB ABI CHEDID,512.584,170533,286.26,97,776,8.54,47.435.506.722,41.956.918.644,37813.45
Bra&uacute;na,3507704,braunense,HEITOR VERDU,195.176,5741,25.70,98.6,737,15.63,2.030.316.854,1.704.980.737,17435.66
Brejo Alegre,3507753,brejoalegrense,RAFAEL ALVES DOS SANTOS,105.689,2889,24.41,95.9,710,28.57,2.022.797.667,1.794.573.318,29271.06
Brodowski,3507803,brodosquiano,JOSE LUIZ PEREZ,278.458,25277,75.80,97.5,755,09.09,781.115.528,6.888.722.289,27203.14
Brotas,3507902,brotense,LEANDRO CORR&Ecirc;A,1.101.373,24636,19.59,99.1,740,7.33,9.440.693.639,8.049.501.377,27225.67
Buri,3508009,buriense,OMAR YAHYA CHAIN,1.196.462,19965,15.52,98.5,667,13.16,7.424.165.561,6.141.611.714,20905.86
Buritama,3508108,buritamense,RODRIGO ZACARIAS DOS SANTOS,326.921,17281,47.19,96.7,763,5.59,7.846.555.996,6.092.304.761,37385.31
Buritizal,3508207,buritinense,DANIEL SARRETA,266.420,4514,15.21,99.4,735,55.56,2.648.307.913,2.245.155.903,40019.23
Cabr&aacute;lia Paulista,3508306,cabraliense,ODEMIL ORTIZ DE CAMARGO,239.974,4243,18.19,97.5,694,38.46,1.915.779.667,1.597.261.734,19260.49
Cabre&uacute;va,3508405,cabreuvano,ANTONIO CARLOS MANGINI,260.234,50429,159.87,97.3,738,16.62,20.680.922.618,19.273.091.119,95518.16
Ca&ccedil;apava,3508504,ca&ccedil;apavense,P&Eacute;TALA GON&Ccedil;ALVES LACERDA,368.990,95018,229.66,98,788,9.50,24.545.023.084,22.230.583.405,46192.50
Cachoeira Paulista,3508603,cachoeirense,ANTONIO CARLOS MINEIRO,287.990,33581,104.49,98,764,17.33,880.167.067,7.832.961.452,18401.78
Caconde,3508702,cacondense,JO&Atilde;O FILIPE MUNIZ BASILLI,468.214,19009,39.44,97.7,720,14.15,5.275.487.491,4.867.607.968,18846.16
Cafel&acirc;ndia,3508801,cafelandense,TAIS FERNANDA MAIMONI CONTIERI SANTANA,920.280,17843,18.05,96.7,742,8.89,6.205.466.542,5.871.812.186,28550.67
Caiabu,3508900,caiabuense,SUELEN NARA MATOS MATIVE,253.352,4193,16.11,98.9,729,20.83,1.784.245.456,1.559.789.667,13893.64
Caieiras,3509007,caieirense,GILMAR SOARES VICENTE,97.642,102775,900.37,94.8,781,7.54,29.068.707.539,23.756.495.633,35517.31
Caiu&aacute;,3509106,caiuense,RUTE ALMEIDA DOS SANTOS LIMA,551.159,5946,9.16,99.3,697,46.51,3.025.015.624,261.710.968,13036.29
Cajamar,3509205,cajamarense,DANILO BARBOSA MACHADO,131.386,77934,488.18,96.5,728,13.52,44.755.350.022,3.864.984.297,224359.59
Cajati,3509254,cajatiense,LUCIVAL JOS&Eacute; CORDEIRO,454.436,28494,62.43,98.4,694,10.06,10.186.979.444,842.043.461,50776.98
Cajobi,3509304,cajobiense,GUSTAVO SEBASTI&Atilde;O DA COSTA,176.929,10596,55.22,99.7,734,10.42,3.248.739.429,3.021.652.334,14873.72
Cajuru,3509403,cajuruense,ALEX MORETINI,660.088,26393,35.41,97.1,713,11.73,6.702.945.859,59.784.761,22061.52
Campina do Monte Alegre,3509452,campinomontealegrense,GIL VICENTE DE OLIVEIRA JUNIOR,184.479,6057,30.09,97.5,717,26.67,22.714.434,1.947.558.047,18135.71
Campinas,3509502,campineiro,DARIO JORGE GIOLO SAADI,794.571,1213792,1359.60,96,805,8.88,461.499.076.219,471.997.568.304,51417.44
Campo Limpo Paulista,3509601,campo-limpense,LUIZ ANTONIO BRAZ,79.403,85541,932.92,96.7,769,11.35,18.959.027.143,16.342.727.489,25211.06
Campos do Jord&atilde;o,3509700,jordanense,MARCELO PADOVAN,289.981,52405,164.76,97.1,749,7.82,19.682.983.668,18.037.879.266,24107.48
Campos Novos Paulista,3509809,campos-novense,FLAVIO FERMINO EUFLAUZINO,484.199,4997,9.38,97.9,706,25.97,217.404.125,1.966.472.806,28746.56
Canan&eacute;ia,3509908,cananeiense,ROBSON DA SILVA LEONEL,1.237.354,12541,9.86,97.3,720,10.53,5.331.248.738,4.726.034.112,23977.74
Canas,3509957,canense,SILVANA KOMEIH DA SILVA ZANIN,53.261,5204,82.33,98.3,704,47.06,220.473.792,2.046.471.278,20623.06
C&acirc;ndido Mota,3510005,c&acirc;ndido-motense,ERALDO JOS&Eacute; PEREIRA,595.811,31346,50.12,98.2,747,14.84,11.906.747.623,9.180.050.762,37372.60
C&acirc;ndido Rodrigues,3510104,c&acirc;ndido-rodriguense,FABRICIO ANTONIO RONCOLLI,70.892,2799,37.94,99,789,47.62,1.855.795.683,1.417.740.555,35917.03
Canitar,3510153,canitarense,JOEL RODRIGUES,57.459,5292,76.34,96.1,680,28.57,1.972.373.873,1.700.702.541,36713.02
Cap&atilde;o Bonito,3510203,cap&atilde;o-bonitense,JULIO FERNANDO GALV&Atilde;O DIAS,1.640.230,47118,28.15,98.7,721,8.97,13.594.040.296,12.248.296.613,19221.42
Capela do Alto,3510302,capelense,P&Eacute;RICLES GON&Ccedil;ALVES,169.890,20985,103.20,96.5,699,14.04,5.975.163.173,5.183.196.495,13344.01
Capivari,3510401,capivariano,VITOR HUGO RICCOMINI,322.878,56379,150.45,97.3,750,16.13,21.147.650.331,19.216.205.772,37353.40
Caraguatatuba,3510500,caraguatatubense,JOS&Eacute; PEREIRA DE AGUILAR J&Uacute;NIOR,484.947,123389,207.88,97.7,759,13.09,67.164.892.887,5.953.609.078,27802.88
Carapicu&iacute;ba,3510609,carapicuibano,MARCO AURELIO DOS SANTOS NEVES,34.546,403183,10698.32,96.2,749,10.77,44.190.733.186,41.606.726.676,14413.33
Cardoso,3510708,cardosense,JAIR CESAR NATTES,639.248,12349,18.45,96.8,722,14.29,4.630.823.775,4.032.040.495,20770.49
Casa Branca,3510807,casa-branquense,MARCO C&Eacute;SAR DE PAIVA AGA,864.225,30520,32.76,96.9,730,6.33,9.751.896.221,9.269.325.741,27488.44
C&aacute;ssia dos Coqueiros,3510906,cassiano,EUR&Iacute;PEDES JORGE DA ROCHA FILHO,191.683,2505,13.74,99.5,734,47.62,1.589.876.893,129.997.879,58581.94
Castilho,3511003,castilhense,PAULO DUARTE BOAVENTURA,1.065.318,21267,16.89,99.1,731,24.39,8.705.428.444,7.716.998.419,41708.15
Catanduva,3511102,catanduvense,OSVALDO DE OLIVEIRA ROSA,290.596,122497,388.24,98.1,785,8.14,46.137.242.056,40.370.092.796,34611.18
Catigu&aacute;,3511201,catig&uuml;ense,CLAUDEMIR JOSE GRAVA,148.393,7855,48.03,98.4,751,10.75,2.126.627.659,1.943.758.657,15079.11
Cedral,3511300,cedralense,PAULO RICARDO BEOLCHI DE LUCAS,197.838,9346,40.33,98.7,766,19.61,3.776.392.539,3.096.082.651,34238.37
Cerqueira C&eacute;sar,3511409,cerqueirense,DIEGO AUGUSTO BERTI CINTO,511.621,20191,34.27,98.2,729,4.10,7.597.489.702,642.727.041,30605.21
Cerquilho,3511508,cerquilhense,ALDOMIR JOS&Eacute; SANSON,127.803,49802,309.98,99.6,782,5.96,16.544.981.452,13.870.953.714,38133.41
Ces&aacute;rio Lange,3511607,cesariano-lange,RONALDO PAIS DE CAMARGO,190.392,18375,81.46,96.3,706,21.28,567.928.307,5.341.386.635,24128.03
Charqueada,3511706,charqueadense,RODRIGO DE ARRUDA,175.846,17367,85.79,97.9,736,19.42,4.456.550.282,3.858.850.552,20806.95
Clementina,3511904,clementinense,NELSON CASULA,168.590,8757,41.85,98,725,8.55,2.883.928.053,2.523.684.461,25945.35
Colina,3512001,colinense,DIAB TAHA,422.303,18535,41.11,98.4,757,8.10,8.067.211.148,6.947.246.161,60218.14
Col&ocirc;mbia,3512100,colombiense,JULIO CESAR DOS SANTOS,728.648,6216,8.22,99.2,710,11.76,4.393.522.451,3.861.876.712,53207.43
Conchal,3512209,conchalense,LUIZ VANDERLEI MAGNUSSON,182.793,28273,138.02,96.7,708,12.20,10.096.050.997,8.641.317.651,24884.49
Conchas,3512308,conchense,JULIO TOMAZELA NETO,466.120,18019,34.95,97.6,736,9.62,5.472.410.202,5.064.558.986,19830.73
Cordeir&oacute;polis,3512407,cordeiropolense,JOS&Eacute; ADINAN ORTOLAN,137.579,24826,153.22,96.7,758,3.55,1.420.986.848,12.167.231.628,116519.63
Coroados,3512506,coroadense,TEREZINHA APARECIDA CASTILHO VARONI,246.825,6129,21.26,98.3,719,13.89,208.303.842,1.840.657.198,27648.49
Coronel Macedo,3512605,macedense,JOS&Eacute; ROBERTO SANTINONI VEIGA,303.830,4635,16.45,99.1,690,18.52,2.272.931.678,1.898.206.845,16258.72
Corumbata&iacute;,3512704,corumbataiense,LEANDRO MARTINEZ,278.622,4064,13.90,97,754,18.87,2.528.525.506,2.344.837.991,61418.68
Cosm&oacute;polis,3512803,cosmopolense,ANTONIO CLAUDIO FELISBINO JUNIOR,154.665,73474,380.37,98,769,10.83,17.194.844.395,14.844.159.284,22410.36
Cosmorama,3512902,cosmoramense,LUIS FERNANDO GON&Ccedil;ALVES,441.680,7298,16.33,97.9,722,33.33,3.077.834.102,2.564.712.509,45912.53
Cotia,3513009,cotiano,ROG&Eacute;RIO CARDOSO FRANCO,323.994,253608,620.81,97.5,780,7.42,79.524.286.637,72.086.657.794,51225.49
Cravinhos,3513108,cravinhense,ITAMAR GOMES BUENO,311.423,35579,101.77,98.1,756,12.44,13.108.058.595,111.134.667,34165.63
Cristais Paulista,3513207,cristalense,KATIUSCIA DE PAULA LEONARDO MENDES,385.230,8718,19.70,98.2,734,16.53,2.947.210.652,2.548.163.482,22617.10
Cruz&aacute;lia,3513306,cruzaliense,ARILDO OSMAR DE MORO,149.330,2046,15.26,97.8,774,43.48,1.622.907.926,146.318.345,49778.13
Cruzeiro,3513405,cruzeirense,THALES GABRIEL FONSECA,305.699,82571,252.01,97.6,788,14.05,16.565.553.621,14.734.817.894,29743.19
Cubat&atilde;o,3513504,cubatense,ADEMARIO DA SILVA OLIVEIRA,142.879,131626,830.91,98,737,13.58,118.157.322.046,9.851.541.083,101597.09
Cunha,3513603,cunhense,JOS&Eacute; &Eacute;DER GALDINO DA COSTA,1.407.250,21459,15.54,98,684,4.15,5.536.308.474,5.132.950.024,11971.43
Descalvado,3513702,descalvadense,ANTONIO CARLOS RESCHINI,753.706,33910,41.20,98.6,760,8.36,11.235.568.803,9.257.565.685,47327.80
Diadema,3513801,diademense,JOS&Eacute; DE FILIPPI J&Uacute;NIOR,30.732,426757,12536.99,96.8,757,12.41,12.436.226.929,121.270.415.444,34855.75
Dirce Reis,3513850,dircense,JO&Atilde;O CARLOS RAINHO,88.133,1799,19.12,100,741,111.11,1.551.684.756,1.293.980.784,32133.62
Divinol&acirc;ndia,3513900,divinolandense,ANTONIO DE PADUA AQUISTI,223.749,11086,50.46,98.6,734,8.62,4.150.113.217,3.118.057.134,24940.84
Dobrada,3514007,dobradense,ANTONIO CARLOS DE MATTOS SANTOS,149.729,9010,53.02,99.5,718,16.67,2.228.117.032,1.890.998.197,13045.55
Dois C&oacute;rregos,3514106,dois-correguense,RUY DIOMEDES FAVARO,632.972,27512,39.12,96.7,725,11.98,7.948.872.696,6.973.672.159,23896.69
Dolcin&oacute;polis,3514205,dolcinopolense,AMERICO RIBEIRO DO NASCIMENTO,77.939,2112,26.76,100,742,-,132.517.967,981.463.877,21845.64
Dourado,3514304,douradense,GINO JOSE TORREZAN,205.874,8878,41.82,100,738,31.25,3.224.342.162,274.537.845,70723.95
Dracena,3514403,dracenense,ANDR&Eacute; KOZAN LEMOS,487.688,47043,88.64,98.2,776,10.18,11.937.578.421,10.936.069.292,25779.84
Duartina,3514502,duartinense,ADERALDO PEREIRA DE SOUZA JUNIOR,264.557,12433,46.31,98.3,748,6.80,425.985.894,3.479.601.249,19047.83
Dumont,3514601,dumonense,ALAN FRANCISCO FERRACINI,111.376,10023,73.13,97.6,744,9.71,2.955.919.567,2.584.689.081,23587.84
Echapor&atilde;,3514700,echaporense,LUIS GUSTAVO EVANGELISTA,515.258,6064,12.26,98.8,745,24.69,2.585.875.298,2.162.941.985,20426.97
Eldorado,3514809,eldoradense,DINOEL PEDROSO ROCHA,1.654.256,15544,8.85,97.3,691,14.56,4.571.182.871,3.975.467.225,20795.32
Elias Fausto,3514908,elias-faustense,MAURICIO BARONI BERNARDINETTI,202.360,17936,77.83,97.3,695,14.42,5.679.578.942,5.215.579.784,40144.54
Elisi&aacute;rio,3514924,elisiarense,CASSIO ROBERTO BERTELLI,93.980,3697,33.20,98.6,747,26.32,1.778.707.463,1.507.041.166,17685.00
Emba&uacute;ba,3514957,embaubense,NERCILIO PINHEIRO DA SILVA,83.129,2449,29.15,100,730,55.56,1.724.591.596,1.403.784.829,21238.83
Embu das Artes,3515004,embuense,CLAUDINEI ALVES DOS SANTOS,70.398,276535,3412.89,96.8,735,11.41,61.927.282.744,55.980.658.715,48914.66
Embu-Gua&ccedil;u,3515103,embu-gua&ccedil;uense,JOSE ANTONIO PEREIRA,155.641,69901,403.32,97.1,749,5.95,1.467.765.067,12.715.569.309,16293.33
Emilian&oacute;polis,3515129,emilian&oacute;polense,JO&Atilde;O BATISTA AMARAL,225.167,3227,13.45,97.3,727,25.00,1.609.947.556,1.395.866.666,19284.00
Engenheiro Coelho,3515152,engenheiro coelhense,ZEEDIVALDO ALVES DE MIRANDA,109.941,21249,142.99,98.5,732,7.35,5.494.101.639,502.249.802,32701.36
Esp&iacute;rito Santo do Pinhal,3515186,pinhalense,CRISTINA DO CARMO BRAND&Atilde;O BUENO DOMINGUES,389.235,44471,107.61,97.9,787,4.18,10.953.581.675,9.830.415.753,32436.36
Esp&iacute;rito Santo do Turvo,3515194,esp&iacute;rito santense,AFONSO NASCIMENTO NETO,193.666,4878,21.92,97.4,696,45.45,2.062.128.969,1.794.254.007,16466.12
Estrela d'Oeste,3515202,estrelense,MARCOS ANT&Ocirc;NIO SAES LOPES,296.281,8419,27.69,99,760,18.35,3.552.662.856,3.289.195.349,74377.84
Estrela do Norte,3515301,estrelense,DEHON APARECIDO TOSO,264.987,2770,10.09,98.9,740,27.78,1.689.817.931,1.434.214.864,18316.56
Euclides da Cunha Paulista,3515350,euclidense,DOMINGOS MENTE LOPES,573.894,9325,16.66,98.5,704,27.27,2.909.225.561,2.647.153.319,16893.29
Fartura,3515400,farturense,LUCIANO PERES,429.171,16070,35.70,97.4,732,5.00,4.907.906.304,4.395.959.744,23162.82
Fernand&oacute;polis,3515509,fernandopolense,ANDR&Eacute; GIOVANNI PESSUTO C&Acirc;NDIDO,549.797,69402,117.62,99.4,797,17.65,19.925.069.195,17.468.338.965,29148.74
Fernando Prestes,3515608,fernando-prestense,RODRIGO RAVAZZI,169.990,5794,32.43,96.5,758,14.93,2.262.927.511,1.967.936.307,33167.17
Fern&atilde;o,3515657,fern&atilde;oense,JOS&Eacute; VALENTIM FODRA,100.504,1727,15.51,99.1,703,55.56,1.638.349.427,1.148.403.755,29359.98
Ferraz de Vasconcelos,3515707,ferrazense,PRISCILA CONCEICAO GAMBALE VIEIRA MATOS,29.564,196500,5692.55,97.6,738,11.03,32.375.851.022,26.726.232.101,16344.03
Flora Rica,3515806,flora-riquense,GILBERTO SANCHES GOMES,224.711,1430,7.78,99.1,727,45.45,1.407.660.941,1.214.719.562,25329.16
Floreal,3515905,florealense,NORIVAL FRANCISCO GARCIA JUNIOR,204.236,2900,14.70,96.2,747,55.56,2.107.683.759,1.743.996.057,21806.07
Fl&oacute;rida Paulista,3516002,floridense,WILSON FR&Oacute;IO JUNIOR,524.138,14790,24.47,98.9,715,23.08,3.664.552.178,3.187.861.943,14264.37
Flor&iacute;nea,3516101,florinense ou florineano,PAULO EDUARDO PINTO,225.886,2653,12.54,96.6,713,25.00,1.938.335.856,165.833.992,50422.89
Franca,3516200,francano,ALEXANDRE AUGUSTO FERREIRA,605.679,355901,526.09,98.2,780,8.80,72.080.010.493,69.376.486.769,28518.78
Francisco Morato,3516309,moratense,RENATA TORRES DE SENE,49.001,177633,3147.80,95.8,703,10.93,32.246.364.999,28.306.188.222,8719.40
Franco da Rocha,3516408,franco-rochense,NIVALDO DA SILVA SANTOS,132.775,156492,980.95,95.7,731,14.24,32.354.370.556,28.328.564.064,19650.05
Gabriel Monteiro,3516507,monteirense,VANDERLEI ANTONINHO MENDON&Ccedil;A,138.681,2776,19.55,99.7,763,40.00,1.577.989.789,138.922.692,26699.71
G&aacute;lia,3516606,galiense,RENATO INACIO GON&Ccedil;ALVES,355.914,6482,19.69,97,709,38.46,2.420.735.271,207.128.507,21643.97
Gar&ccedil;a,3516705,garcense,JO&Atilde;O CARLOS DOS SANTOS,555.807,44409,77.60,98.1,769,16.98,15.464.785.578,13.660.683.684,26874.37
Gast&atilde;o Vidigal,3516804,vidigalense,SEBASTI&Atilde;O FELISBERTO FERNANDES,180.569,4860,23.17,96.6,723,45.45,1.900.498.059,1.522.179.347,16095.70
Gavi&atilde;o Peixoto,3516853,gavionense,ADRIANO MAR&Ccedil;AL DA SILVA,243.766,4815,18.13,98.7,719,14.49,4.596.625.853,3.704.895.802,186287.72
General Salgado,3516903,salgadense,MAURO GILBERTO FANTINI,494.376,10862,21.63,98.5,747,8.20,4.254.083.689,4.419.869.202,22848.77
Getulina,3517000,getulinense,ANT&Ocirc;NIO CARLOS MAIA FERREIRA,676.755,11447,15.86,99.4,717,10.00,3.178.407.308,2.748.055.568,16284.53
Glic&eacute;rio,3517109,glicerense,ILDO DE SOUZA,272.800,4829,16.69,98.5,735,15.38,2.145.050.411,1.852.322.084,21142.62
Guai&ccedil;ara,3517208,guai&ccedil;arense,BRUNO FLORIANO DE OLIVEIRA,277.154,12294,39.35,98.4,739,12.50,3.494.899.189,2.977.761.906,16298.89
Guaimb&ecirc;,3517307,guaimbeense,MARCIA HELENA PEREIRA CABRAL ACHILLES,217.811,5785,24.88,99,728,11.24,2.382.410.387,1.931.637.921,13163.82
Gua&iacute;ra,3517406,guairense,JOSE EDUARDO COSCRATO LELIS,1.258.465,41040,29.72,97.8,753,6.26,18.441.125.061,15.656.554.772,80169.84
Guapia&ccedil;u,3517505,guapia&ccedil;uense,JEAN CARLOS VETORASSO,325.126,21775,55.00,98,725,4.17,7.741.071.367,6.187.292.947,26008.59
Guapiara,3517604,guapiense,JOS&Eacute; MATHEUS RODOLFO DE FREITAS,408.292,17025,44.08,96.7,675,36.76,5.017.288.751,4.456.750.092,18874.32
Guar&aacute;,3517703,guaraense,VINICIUS MAGNO FILGUEIRA,362.183,21308,54.78,98,718,4.17,6.488.221.666,5.490.499.999,20804.61
Guara&ccedil;a&iacute;,3517802,guara&ccedil;aiense,AIRTON JOSE GOMES,569.197,8290,14.80,98,719,42.25,3.011.064.922,2.590.289.786,32770.40
Guaraci,3517901,guaraciense,RENATO AZEDA RIBEIRO DE AGUIAR,641.501,11287,15.55,97,737,16.26,5.247.347.949,4.717.214.591,29683.17
Guarani d'Oeste,3518008,guaraniense,NILSON TIMPORIM CAFFER,85.700,1998,23.03,95.6,732,50.00,1.514.701.797,1.161.059.837,17755.48
Guarant&atilde;,3518107,guarant&atilde;ense,MARCOS ROBERTO FRUGERI,461.746,6675,13.89,98.9,713,44.12,2.315.279.477,1.891.666.553,26176.16
Guararapes,3518206,guararapense,TAREK DARGHAM,955.637,33100,31.99,99.6,763,10.81,9.365.117.078,8.691.560.146,27764.52
Guararema,3518305,guararemense,JOS&Eacute; LUIZ EROLES FREIRE,270.816,30136,95.43,97.3,731,9.85,16.535.838.094,16.131.960.779,47997.77
Guaratinguet&aacute;,3518404,guaratinguetaense,MARCUS AUGUSTIN SOLIVA,752.636,122505,148.91,97.8,798,13.79,31.463.314.171,30.489.553.466,46849.29
Guare&iacute;,3518503,guareiense,JOS&Eacute; AMADEU DE BARROS,567.884,18887,25.72,96.3,687,6.58,4.359.084.558,3.644.106.027,12279.22
Guariba,3518602,guaribense,CELSO ANTONIO ROMANO,270.289,40487,131.29,97.3,719,9.96,11.224.984.688,9.482.885.351,22657.16
Guaruj&aacute;,3518701,guarujaense,VALTER SUMAN,144.794,322750,2026.80,95.9,751,18.51,134.917.976.078,115.355.418.582,27031.81
Guarulhos,3518800,guarulhense,GUSTAVO HENRIC COSTA,318.675,1392121,3834.51,97.1,763,11.59,418.949.067.768,398.543.868.069,44897.70
Guatapar&aacute;,3518859,guataparaense,JURACY COSTA DA SILVA,413.567,7709,16.84,99.1,743,18.18,322.706.323,2.667.109.258,28000.56
Guzol&acirc;ndia,3518909,guzolandense,MARCIO LUIS CARDOSO,252.477,5307,18.86,85.3,697,16.13,209.360.177,1.760.196.305,12594.84
Hercul&acirc;ndia,3519006,herculandense,PAULO SERGIO DE OLIVEIRA,364.252,9588,23.85,98.4,727,9.71,2.629.134.958,22.891.195,33182.41
Holambra,3519055,holambrense,FERNANDO HENRIQUE CAPATO,65.577,15272,172.30,98.8,793,4.67,7.748.637.455,6.793.448.903,66537.66
Hortol&acirc;ndia,3519071,hortolandense,ANGELO AUGUSTO PERUGINI,62.416,234259,3094.16,97.5,756,08.08,78.015.007.223,67.418.619.628,57691.75
Iacanga,3519105,iacanguense,ELI DONISETI CARDOSO,547.393,11858,18.29,96.7,745,7.63,4.846.183.495,412.838.993,37023.57
Iacri,3519204,iacriano,CARLOS ALBERTO FREIRE,321.948,6295,19.90,99.4,733,17.86,2.029.312.789,1.717.247.081,30157.75
Iaras,3519253,iarense,MARCOS JOS&Eacute; ROSA,401.381,9517,15.89,98.5,674,54.05,2.689.817.696,2.349.336.282,17031.66
Ibat&eacute;,3519303,ibateense,JOS&Eacute; LUIZ PARELLA,290.978,35472,105.74,97.6,703,3.98,9.097.969.721,8.251.537.296,24454.14
Ibir&aacute;,3519402,ibiraense,EDVARD ALBERTO COLOMBO,271.912,12518,40.07,98.4,740,13.70,4.085.864.405,3.714.219.875,20475.08
Ibirarema,3519501,ibiraremense,JOSE BENEDITO CAMACHO,228.230,7841,29.45,97.4,708,29.85,2.743.690.193,2.389.156.961,23951.10
Ibitinga,3519600,ibitinguense,CRISTINA MARIA KALIL ARANTES,689.391,60600,77.12,95.8,747,13.48,14.537.647.271,13.435.173.134,25630.47
Ibi&uacute;na,3519709,ibiunense,PAULO KENJI SASAKI,1.058.082,79479,67.31,95.8,710,12.74,19.957.319.264,1.840.892.641,21746.50
Ic&eacute;m,3519808,icense,OSCAR LUIZ CORREA CUNHA,362.355,8304,20.58,98.5,720,27.27,3.597.486.526,3.359.575.417,21243.20
Iep&ecirc;,3519907,iepense,MURILO NOBREGA CAMPOS,594.974,8194,12.81,97.9,736,19.42,3.490.548.075,301.662.191,30435.64
Igara&ccedil;u do Tiet&ecirc;,3520004,iguara&ccedil;uense,RICARDO VERPA COSTA DA SILVA,97.747,24749,239.07,98.8,727,20.76,6.562.476.233,5.917.584.358,12335.36
Igarapava,3520103,igarapavense,JOSE RICARDO RODRIGUES MATTAR,468.355,30614,59.70,97.8,768,6.71,9.003.356.975,828.253.599,39002.62
Igarat&aacute;,3520202,igaratense,ELZO ELIAS DE OLIVEIRA SOUZA,292.953,9583,30.14,99.1,711,8.20,4.245.714.188,3.853.221.607,19049.08
Iguape,3520301,iguapense,WILSON ALMEIDA LIMA,1.978.795,30989,14.58,99.5,726,32.79,10.479.414.181,8.926.986.164,38078.83
Ilhabela,3520400,ilhabelense,ANTONIO LUIZ COLUCCI,346.389,35591,81.13,98.3,756,9.43,63.544.214.033,41.701.791.236,419457.22
Ilha Comprida,3520426,ilha compridense,GERALDINO BARBOSA DE OLIVEIRA JUNIOR,196.567,11362,47.01,98.2,725,6.29,9.386.135.487,9.302.952.622,122204.12
Ilha Solteira,3520442,ilhense,OT&Aacute;VIO AUGUSTO GIANTOMASSI GOMES,652.641,26788,38.42,99.3,812,14.04,12.947.589.823,11.143.211.982,23525.05
Indaiatuba,3520509,indaiatubano,NILSON ALCIDES GASPAR,311.545,256223,646.11,98.2,788,9.70,113.612.063.336,95.951.237.517,63166.46
Indiana,3520608,indianense,WHESLEN THIEGO SCAIONE CACHOEIRA,129.367,4879,38.11,98,761,18.18,167.016.143,1.567.878.153,13109.17
Indiapor&atilde;,3520707,indiapor&atilde;ense,ADERITO CAMARGO FERREIRA DA SILVA,279.606,3886,13.96,98.5,751,20.41,2.129.188.555,1.898.209.407,24449.85
In&uacute;bia Paulista,3520806,inubense,JO&Atilde;O SOARES DOS SANTOS,87.119,4019,41.53,98.3,759,-,1.647.358.183,1.435.947.921,34888.10
Ipaussu,3520905,ipau&ccedil;uense,SERGIO GALVANIN GUIDIO FILHO,209.554,15069,65.17,97.9,727,15.71,4.799.930.933,4.259.493.842,25086.47
Iper&oacute;,3521002,iperoense,LEONARDO ROBERTO FOLIM,170.289,37964,166.20,98.9,719,11.49,9.112.724.315,8.268.638.315,17873.00
Ipe&uacute;na,3521101,ipeunense,DIEGO HERON PINHEIRO,190.010,7687,31.66,98.8,753,9.62,3.081.347.041,2.638.376.638,94080.97
Ipigu&aacute;,3521150,ipiguaense,EFRAIM GARCIA LOPES,136.028,5476,32.89,98.5,730,20.00,2.299.658.464,1.814.167.521,20253.65
Iporanga,3521200,iporanguense,ALESSANDRO MENDES RODRIGUES,1.152.059,4199,3.73,97.3,703,17.54,2.221.541.828,1.938.515.534,12098.74
Ipu&atilde;,3521309,ipu&atilde;nense,RONYWERTON MARCELO ALVES PEREIRA,466.461,16604,30.37,98,749,10.53,5.987.328.611,5.448.504.373,22139.12
Iracem&aacute;polis,3521408,iracemapolense,NELITA CRISTINA MICHEL FRANCESCHINI,115.118,24614,173.99,95.7,776,8.62,7.895.661.562,7.610.780.334,83477.19
Irapu&atilde;,3521507,irapuense,RENI APARECIDA DA SILVA,257.612,8048,28.21,97.9,713,12.50,2.331.809.912,2.079.486.392,19748.75
Irapuru,3521606,irapuruense,ADEMAR CALEG&Atilde;O,214.461,8325,36.24,95.1,712,25.00,2.051.070.134,1.815.140.176,10659.85
Itaber&aacute;,3521705,itaberaense,ALEX ROG&Eacute;RIO CAMARGO DE LACERDA,1.100.247,17480,16.08,97.9,693,32.26,5.897.534.391,521.254.518,29569.70
Ita&iacute;,3521804,itaiense,JOSE RAMIRO ANTUNES DO PRADO,1.092.884,27382,22.17,97.9,713,03.03,9.993.716.476,7.614.201.532,22376.97
Itajobi,3521903,itajobiense,SIDIOMAR UJAQUE,502.066,15297,28.99,94.9,730,17.24,7.770.193.202,6.368.173.156,105038.02
Itaju,3522000,itajuense,JERRI DE SOUZA NEIVA,230.355,3887,14.12,98.7,705,31.25,1.853.345.513,1.572.953.704,23089.26
Itanha&eacute;m,3522109,itanhaense,TIAGO RODRIGUES CERVANTES,601.711,103102,144.69,97.5,745,7.20,3.990.053.954,3.783.863.151,18763.24
Itaoca,3522158,itaoquense,FREDERICO DIAS BATISTA,183.015,3330,17.64,98.8,680,47.62,1.731.847.582,1.617.857.517,12416.89
Itapecerica da Serra,3522208,itapecericano,FRANCISCO TADAO NAKANO,150.742,177662,1011.57,96.8,742,10.39,42.726.450.588,36.630.484.686,21079.61
Itapetininga,3522307,itapetingano,SIMONE APARECIDA CURRALADAS DOS SANTOS,1.789.350,165526,80.65,96.4,763,15.60,44.851.417.401,42.675.460.157,29304.81
Itapeva,3522406,itapevense,MARIO SERGIO TASSINARI,1.826.258,94804,48.05,98.4,732,08.01,32.434.223.975,26.397.264.795,26860.38
Itapevi,3522505,itapeviense,IGOR SOARES EBERT,82.658,240961,2428.88,96.5,735,11.69,7.169.989.369,53.397.066.809,51939.22
Itapira,3522604,itapirense,ANTONIO H&Eacute;LIO NICOLAI,518.416,75234,132.21,98,762,23.66,26.646.731.633,25.034.039.636,52565.34
Itapirapu&atilde; Paulista,3522653,itapirapu&atilde; paulistense,JULIO CESAR DO AMARAL,406.478,4268,9.55,99,661,30.30,2.017.010.041,158.424.124,9994.74
It&aacute;polis,3522703,itapolitano,VLADIMIR DO CARMO REGGIANI,996.747,43331,40.18,98.4,744,13.19,1.205.549.277,10.805.313.907,30504.92
Itaporanga,3522802,itaporanguense,DOUGLAS ROBERTO BENINI,507.997,15173,28.66,97.9,719,20.20,3.265.874.372,3.498.269.882,21229.91
Itapu&iacute;,3522901,itapuiense,ANTONIO &Aacute;LVARO DE SOUZA,140.023,14147,86.46,96.5,725,32.47,4.951.133.824,4.032.040.542,48103.23
Itapura,3523008,itapurense,FABIO DOURADO,301.653,4951,14.46,98,720,25.00,2.807.767.865,2.297.943.781,18828.79
Itaquaquecetuba,3523107,itaquaquecetubense,EDUARDO BOIGUES QUEROZ,82.622,375011,3895.24,96.4,714,12.92,62.816.767.634,57.377.286.888,19678.54
Itarar&eacute;,3523206,itarareense,HELITON SCHEIDT DO VALLE,1.003.860,50642,47.76,98,703,15.55,1.133.216.603,10.027.038.884,17452.03
Itariri,3523305,itaririense,DINAMERICO GON&Ccedil;ALVES PERONI,273.667,17598,56.53,96.4,677,12.82,395.446.352,3.488.620.054,15990.63
Itatiba,3523404,itatibense,THOMAS ANTONIO CAPELETTO DE OLIVEIRA,322.276,122581,314.90,97.8,778,8.54,37.305.157.991,36.819.590.964,50811.86
Itatinga,3523503,itatinguense,JO&Atilde;O BOSCO BORGES,979.817,20921,18.42,98,706,3.64,697.375.931,6.068.049.774,20051.45
Itirapina,3523602,itirapinense,MARIA DA GRA&Ccedil;A ZUCCHI MORAES,564.603,18387,27.49,97.8,724,11.70,6.987.511.967,6.336.974.657,22943.13
Itirapu&atilde;,3523701,itirapu&atilde;nense,GERSON LUIZ ALVES,161.118,6543,36.71,99.1,707,28.99,2.004.565.674,1.768.896.235,15275.66
Itobi,3523800,itobiano,JOAQUIM CANDIDO FILHO,138.986,7852,54.20,98.6,717,35.71,1.836.075.407,1.657.964.617,15939.55
Itu,3523909,ituano,GUILHERME DOS REIS GAZZOLA,640.719,175568,241.01,94.3,773,11.21,62.955.220.925,53.016.351.302,45461.13
Itupeva,3524006,itupevense,MARCO ANTONIO MARCHI,200.816,62813,223.38,97.4,762,16.53,25.624.178.846,22.537.151.487,112159.24
Ituverava,3524105,ituveravense,LUIZ ANTONIO DE ARAUJO,704.659,42045,54.87,97.9,765,6.24,15.038.299.356,13.606.657.043,36651.33
Jaborandi,3524204,jaborandiense,SILVIO VAZ DE ALMEIDA,273.438,6946,24.11,98.3,711,48.39,2.916.417.778,258.157.643,19946.28
Jaboticabal,3524303,jaboticabalense,EMERSON RODRIGO CAMARGO,706.602,77652,101.42,97.9,778,13.02,29.116.646.826,26.987.444.489,37818.06
Jacare&iacute;,3524402,jacareiense,IZAIAS JOS&Eacute; DE SANTANA,464.272,235416,454.94,98.3,777,11.05,91.515.368.112,79.561.947.276,54796.98
Jaci,3524501,jaciense,VALERIA PERPETUO GUIMARAES HENRIQUE,145.133,7196,38.87,97.7,723,11.49,2.817.756.046,2.316.848.995,56703.27
Jacupiranga,3524600,jacupiranguense,ROBERTO CARLOS GARCIA,704.189,17889,24.44,97.4,717,11.45,4.904.322.183,4.247.718.526,29728.97
Jaguari&uacute;na,3524709,jaguariunense,MARCIO GUSTAVO BERNARDES REIS,141.391,58722,313.37,98,784,8.75,38.062.436.296,30.243.147.496,205080.73
Jales,3524808,jalesense,LU&Iacute;S HENRIQUE DOS SANTOS MOREIRA,368.574,49201,127.57,98.9,776,9.69,14.529.883.935,13.560.682.028,31555.69
Jambeiro,3524907,jambeirense,CARLOS ALBERTO DE SOUZA,184.413,6717,29.01,97.7,756,59.70,3.179.023.821,2.767.064.067,36754.00
Jandira,3525003,jandirense,HENRI HAJIME SATO,17.449,126356,6207.76,96.9,760,11.67,5.287.534.693,23.598.583.921,32512.79
Jardin&oacute;polis,3525102,jardinopolense,PAULO JOS&Eacute; BRIGLIADORI,501.870,44970,74.99,97.1,735,14.52,12.958.375.955,12.044.774.933,25060.21
Jarinu,3525201,jarinuense,DEBORA CRISTINA DO PRADO BELINELLO,207.549,30617,114.85,98.2,733,6.33,11.167.299.696,10.796.003.669,85221.43
Ja&uacute;,3525300,jauense,JORGE IVAN CASSARO,687.103,151881,191.09,97.8,778,11.66,38.445.135.889,361304.59,31855.35
Jeriquara,3525409,jeriquarense,EDER LUIZ CARVALHO GON&Ccedil;ALVES,141.971,3151,22.26,98,703,20.83,1.785.398.056,1.576.701.664,26005.63
Joan&oacute;polis,3525508,joanopolitano,ADAUTO BATISTA DE OLIVEIRA,374.293,13338,31.44,95.8,699,7.25,3.922.168.807,3.582.519.274,16262.42
Jo&atilde;o Ramalho,3525607,ramalhense,ADELMO ALVES,415.452,4551,9.99,99.4,741,16.13,2.566.313.317,190.481.281,26890.88
Jos&eacute; Bonif&aacute;cio,3525706,bonifaciano,DILMO RESENDE DE CARVALHO,860.200,37366,38.10,99,777,4.26,10.331.853.105,8.504.946.331,36031.70
J&uacute;lio Mesquita,3525805,j&uacute;lio-mesquitense,TIRSO FERNANDES SOBREIRO JUNIOR,128.183,4800,34.55,97.7,716,34.48,1.801.777.347,1.629.430.831,10759.02
Jumirim,3525854,jumirense,DANIEL VIEIRA,56.685,3418,49.36,99.2,741,29.41,1.956.413.502,159.385.812,39671.59
Jundia&iacute;,3525904,jundiaiense,LUIZ FERNANDO ARANTES MACHADO,431.207,423006,858.42,98.2,822,10.55,211.146.692.963,185.620.008.543,105187.65
Junqueir&oacute;polis,3526001,junqueiropolense,OSMAR PINATTO,582.565,20831,32.12,96.8,745,8.55,674.893.831,6.010.534.605,28071.57
Juqui&aacute;,3526100,juquiaense,GILBERTO TADASHI MATSUSUE,812.799,18718,23.68,97.7,700,17.99,5.199.046.401,4.332.419.616,17394.70
Juquitiba,3526209,juquitibense,AYRES SCORSATTO,522.169,31646,55.03,98.5,709,4.42,7.948.651.362,7.319.019.701,16452.82
Lagoinha,3526308,lagoinhense,TIAGO MAGNO DE OLIVEIRA,255.472,4889,18.95,99,693,40.00,1.865.463.669,1.538.531.473,11542.06
Laranjal Paulista,3526407,laranjalense,ALCIDES DE MOURA CAMPOS JUNIOR,384.274,28785,65.75,98.1,729,09.04,8.743.974.193,8.013.234.929,39397.31
Lav&iacute;nia,3526506,lavinense,SALVADOR CAZUO MATSUNAKA,537.675,12285,16.33,98.6,721,14.49,4.012.356.455,3.192.057.164,13500.89
Lavrinhas,3526605,lavrinhense,JOSE BENEDITO DA SILVA,167.067,7311,39.45,98.5,729,30.93,2.338.876.075,2.142.597.988,15256.91
Leme,3526704,lemense,WAGNER RICARDO ANTUNES FILHO,402.871,104346,227.75,97.7,744,09.07,32.160.355.201,28.262.706.268,31320.57
Len&ccedil;&oacute;is Paulista,3526803,len&ccedil;oiense,ANDERSON PRADO DE LIMA,809.541,68990,75.88,99,764,5.81,27.742.736.276,2.092.687.412,38890.38
Limeira,3526902,limeirense,MARIO CELSO BOTION,580.711,308482,475.32,97.7,775,08.01,103.081.594.674,9.005.214.526,43440.26
Lind&oacute;ia,3527009,lindoiano,LUCIANO FRANCISCO DE GODOI LOPES,48.756,8092,137.67,97.4,742,28.57,3.291.982.535,3.062.069.173,23184.72
Lins,3527108,linense,JO&Atilde;O LUIS LOPES PANDOLFI,570.058,78503,124.98,98.4,786,10.66,20.452.651.546,1.828.737.478,48837.12
Lorena,3527207,lorenense,SYLVIO BALLERINI,414.160,89125,199.29,97.2,766,7.92,20.344.338.155,18.799.075.789,32021.36
Lourdes,3527256,lourdense,ODECIO RODRIGUES DA SILVA,113.940,2300,18.71,98.4,742,90.91,1.417.437.069,1.204.396.269,17580.34
Louveira,3527306,louveirense,ESTANISLAU STECK,55.133,49993,673.37,97.3,777,15.04,47.467.611.413,38.352.537.831,229610.70
Luc&eacute;lia,3527405,luceliense,TATIANA GUILHERMINO TAZINAZZIO COELHO COSTA,314.810,21886,63.17,99.4,752,5.85,5.448.253.775,4.459.398.147,20420.77
Lucian&oacute;polis,3527504,lucianopolense,HUMBERTO ZANINOTO MALDONADO,189.536,2403,11.85,99.1,733,35.71,1.610.681.847,1.290.607.153,23901.68
Lu&iacute;s Ant&ocirc;nio,3527603,lu&iacute;s-antoniense,RODRIGO MELLO MARQUES,598.257,15292,18.85,99.4,731,26.60,7.240.055.207,6.072.143.339,103433.56
Luizi&acirc;nia,3527702,luiziano,ROG&Eacute;LIO CERVIGNE BARRETO,166.576,5855,30.20,92.8,702,17.54,1.762.860.665,15.679.586,12536.56
Lup&eacute;rcio,3527801,lupercense,CLEBER MENEGUCCI,155.171,4596,28.18,94.5,724,45.45,1.716.649.454,1.609.420.027,16923.63
Lut&eacute;cia,3527900,luteciano,LAUDEMIR LEATI,475.226,2636,5.71,93.7,720,23.26,1.760.381.229,1.480.229.419,32018.34
Macatuba,3528007,macatubense,ANDERSON FERREIRA,224.514,17214,72.19,99.3,770,15.63,7.410.733.272,6.245.457.101,36723.03
Macaubal,3528106,macaubalense,ACACIO TARDOQUE FERREIRA,248.087,8147,30.88,97.9,743,22.22,2.436.314.069,2.143.826.452,19121.48
Maced&ocirc;nia,3528205,macedoniense,REGINALDO ELOY MARCOMINI DOS REIS,327.567,3692,11.18,99.3,740,41.67,2.129.758.123,1.845.217.525,21212.83
Magda,3528304,magdense,ALEXANDRE PAIVA BATELLO,312.282,3102,10.27,96.5,753,31.25,2.350.351.894,2.081.579.342,29834.29
Mairinque,3528403,mairinquense,ANTONIO ALEXANDRE GEMENTE,210.149,47441,205.53,96.9,743,11.90,15.173.980.604,15.435.679.392,40484.94
Mairipor&atilde;,3528502,mairiporense,WALID ALI HAMID,320.697,101937,252.44,98.1,788,8.77,25.628.170.262,21.709.097.814,17774.55
Manduri,3528601,mandurinense,JOS&Eacute; ONIVALDO JUSTI,229.046,9910,39.26,98.9,739,9.17,2.721.750.205,2.411.031.096,23378.18
Marab&aacute; Paulista,3528700,marabaense,APARECIDO NASCIMENTO SOBRAL,919.519,5948,5.24,99,677,52.63,2.151.332.058,1.885.370.276,17644.51
Maraca&iacute;,3528809,maracaiense,PAULO EDUARDO DA SILVA,533.498,14036,24.97,98.3,771,18.87,4.888.369.285,4.304.932.467,29529.19
Marapoama,3528858,marapoamense,MARCIO PERPETUO AUGUSTO,111.267,3064,23.66,99.4,752,30.30,1.919.959.903,1.547.483.459,59882.84
Mari&aacute;polis,3528908,mariapolense,RICARDO MITSURO WATANABE,186.544,4091,21.07,97.5,718,26.32,1.532.524.935,1.339.774.638,13926.03
Mar&iacute;lia,3529005,mariliense,DANIEL ALONSO,1.170.515,240590,185.21,97.8,798,9.55,84.136.805.861,78.334.044.246,34083.86
Marin&oacute;polis,3529104,marinopolense,EVALDO RIBEIRO,77.827,2106,27.15,97.6,731,41.67,1.517.134.577,119.916.459,16405.82
Martin&oacute;polis,3529203,martinopolense,MARCO ANTONIO JACOMELI DE FREITA,1.253.564,26628,19.33,98.1,721,18.52,7.683.715.949,6.977.048.191,18871.02
Mat&atilde;o,3529302,matonense,ADAUTO APARECIDO SCARDOELLI,524.899,83626,146.30,97.7,773,7.90,23.777.017.797,22.280.023.445,50228.39
Mau&aacute;,3529401,mauaense,FRANCISCO MARCELO DE OLIVEIRA,61.909,477552,6741.41,97.4,766,09.08,98.041.920.244,91.100.489.057,32655.23
Mendon&ccedil;a,3529500,mendoncino,ANTONINO CAETANO DE SOUZA,195.151,5565,23.79,98.1,744,15.15,2.846.222.507,2.655.865.451,43139.21
Meridiano,3529609,meridianense,MARCIA CRISTINA ADRIANO DE LIMA,228.199,3824,16.82,98.5,731,20.00,253.736.573,2.183.625.388,62670.64
Mes&oacute;polis,3529658,mesopolense,JOSE CARLOS DA SILVA,148.636,1905,12.67,100,724,38.46,1.766.180.335,1.484.939.683,30784.46
Miguel&oacute;polis,3529708,miguelopense,NAIM MIGUEL NETO,820.849,22355,24.88,98.6,741,7.43,8.664.989.567,7.558.194.914,45954.52
Mineiros do Tiet&ecirc;,3529807,mineirense,JOS&Eacute; CARLOS VENDRAMINI,213.242,12966,56.45,98.3,730,22.39,3.302.169.165,3.057.789.194,13408.67
Miracatu,3529906,miracatuense,VIN&Iacute;CIUS BRAND&Atilde;O DE QUEIR&Oacute;Z,1.001.484,19643,20.56,97.1,697,30.10,6.810.483.521,6.391.542.351,19706.50
Mira Estrela,3530003,mira-estrelense,PRISCILLA FERNANDA COBACHO DO PRADO,216.825,3106,13.01,97.2,743,41.67,2.336.099.888,1.848.832.167,21664.95
Mirand&oacute;polis,3530102,mirandopolense,EVERTON LUIZ FERNANDES SODARIO RAIMUNDO,917.694,29706,29.91,97.9,751,7.43,8.771.076.706,7.172.071.888,22230.68
Mirante do Paranapanema,3530201,mirantense,&Aacute;TILA RAMIRO MENEZES DOURADO,1.238.931,18338,13.77,98.8,724,16.67,6.654.421.737,5.383.925.176,19027.18
Mirassol,3530300,mirassolense,EDSON ANTONIO ERMENEGILDO,243.228,60303,221.10,93.5,762,6.93,16.345.862.973,15.043.915.365,30509.55
Mirassol&acirc;ndia,3530409,mirassolandense,CELIA APARECIDA FIAMENGHI DOS SANTOS MATOS,166.125,4919,25.85,96.9,738,18.87,1.691.501.936,1.506.145.421,26663.98
Mococa,3530508,mocoquense,EDUARDO RIBEIRO BARISON,855.156,68980,77.55,98.9,762,11.18,18.320.242.222,17.833.489.411,30828.27
Mogi das Cruzes,3530607,mogiano,CAIO C&Eacute;SAR MACHADO DA CUNHA,712.541,450785,544.12,97.7,783,9.46,149.600.406.203,145.029.140.855,34908.31
Mogi Gua&ccedil;u,3530706,gua&ccedil;uano,RODRIGO FALSETTI,812.753,153033,168.99,97.9,774,11.17,50.819.349.579,45.503.822.182,38971.42
Mogi Mirim,3530805,mogi-miriano,PAULO DE OLIVEIRA E SILVA,497.708,93650,173.77,97.4,784,10.47,36.265.543.793,3.334.253.257,49631.35
Mombuca,3530904,mombucano,ROGERIO APARECIDO ALCALDE,133.698,3508,24.43,97.8,719,40.82,1.918.351.657,1.545.833.643,28783.85
Mon&ccedil;&otilde;es,3531001,mon&ccedil;olense,VALTOLINO VALDIR MARIA ALVES,104.352,2267,20.45,100,772,38.46,2.314.005.603,1.787.497.115,26531.11
Mongagu&aacute;,3531100,mongaguano,M&Aacute;RCIO MELO GOMES,143.205,57648,326.00,98.3,754,23.91,2.115.568.439,18.652.560.825,18581.77
Monte Alegre do Sul,3531209,monte-alegrense,EDSON RODRIGO DE OLIVEIRA CUNHA,110.308,8111,64.84,98.3,759,24.69,2.745.117.338,2.488.221.637,22391.71
Monte Alto,3531308,monte-altense,MARIA HELENA AGUIAR RETTONDINI,346.950,50772,134.61,98.6,768,18.40,13.638.482.479,12.276.062.639,35901.30
Monte Apraz&iacute;vel,3531407,monte-aprazivelense,MARCIO LUIZ MIGUEL,495.559,25373,43.76,98.8,785,4.39,6.652.395.899,5.984.847.029,26584.41
Monte Azul Paulista,3531506,monte-azulense,MARCELO OTAVIANO DOS SANTOS,263.462,18968,71.86,98.6,753,8.70,7.092.569.797,6.687.012.515,28033.28
Monte Castelo,3531605,monte-castelense,EDSON CARLOS OLIVEIRA DA SILVA,233.547,4166,17.47,98.2,741,25.64,2.257.216.981,1.806.772.349,24706.74
Monteiro Lobato,3531704,lobatense,EDMAR JOS&Eacute; DE ARA&Uacute;JO,332.742,4696,12.38,96.5,710,54.55,184.871.924,1.522.656.083,14173.68
Monte Mor,3531803,monte-morense,EDIVALDO ANT&Ocirc;NIO BRISCHI,240.566,60754,203.61,97.2,733,12.96,2.082.863.551,18.879.801.223,59311.32
Morro Agudo,3531902,morro-agudense,VINICIUS CRUZ DE CASTRO,1.388.127,33288,20.97,95.9,712,08.02,13.162.599.598,11.838.303.824,36037.10
Morungaba,3532009,morungabense,MARCO ANTONIO DE OLIVEIRA,146.752,13781,80.20,97.4,715,13.16,4.261.722.848,3.602.519.595,33875.48
Motuca,3532058,motuquense,JO&Atilde;O RICARDO FASCINELI,228.700,4795,18.76,95.4,741,29.41,2.008.685.249,1.660.073.756,17286.33
Murutinga do Sul,3532108,murutinguense,CRISTIANO ELEUTERIO SOARES DA SILVA,250.873,4506,16.69,96.4,726,22.73,1.919.117.473,1.725.901.202,14623.62
Nantes,3532157,nantense,AURELIO PEREIRA DOS SANTOS,286.647,3179,9.46,98.7,714,20.41,1.881.141.613,1.773.556.037,38493.27
Narandiba,3532207,narandibense,ITAMAR DOS SANTOS SILVA,357.325,4904,11.98,98.9,718,12.50,2.996.819.232,2.584.400.546,38665.32
Natividade da Serra,3532306,nativense,EVAIL AUGUSTO DOS SANTOS,833.372,6642,08.01,98.8,655,12.20,271.847.205,2.380.902.274,10848.03
Nazar&eacute; Paulista,3532405,nazareano,CANDIDO MURILO PINHEIRO RAMOS,326.254,18698,50.31,96.9,678,9.30,5.714.066.224,5.296.456.192,18651.19
Neves Paulista,3532504,nevense,MARCIO ROGERIO RODRIGUES DOS SANTOS,219.050,8923,40.18,99.7,754,32.61,3.004.925.058,2.578.179.133,23770.60
Nhandeara,3532603,nhandearense,JOS&Eacute; ADALTO BORINI,436.159,11527,24.61,97.7,751,9.71,3.595.677.035,3.142.929.041,28388.63
Nipo&atilde;,3532702,nipoense,JOS&Eacute; PEDRO RAMPIM,137.609,5298,31.01,99.2,713,13.51,1.810.542.821,156.470.168,18328.81
Nova Alian&ccedil;a,3532801,nova-aliancense,JURANDIR BARBOSA DE MORAIS,217.515,7068,27.11,99.2,738,22.47,2.610.339.249,2.226.994.351,25206.05
Nova Campina,3532827,nova campinense,JUCEMARA FORTES DO NASCIMENTO,385.375,9860,22.10,99.7,651,14.39,2.954.796.244,2.423.346.827,11418.51
Nova Cana&atilde; Paulista,3532843,novacanaense,THAIS CRISTINA COSTA MOREIRA,124.473,1852,16.99,98.8,715,50.00,1.572.342.712,1.257.109.646,20686.21
Nova Castilho,3532868,castilhense,LUCIO MAURO GARCIA,183.396,1278,6.14,100,756,76.92,1.587.904.919,1.311.345.443,32366.14
Nova Europa,3532900,nova-europense,LUIZ CARLOS DOS SANTOS,160.250,11355,58.00,100,765,8.33,3.723.712.013,3.164.312.851,25485.01
Nova Granada,3533007,granadense,TANIA LIANA TOLEDO YUGAR,531.796,21689,36.06,98.6,739,11.81,5.116.229.588,4.610.399.641,20378.67
Nova Guataporanga,3533106,guataporanguense,VAGNER ALVES DE LIMA,34.158,2325,63.81,99.3,726,166.67,1.711.304.869,125.989.717,13532.84
Nova Independ&ecirc;ncia,3533205,independentino,FERNANDO MACCHI SANTANA,265.029,4053,11.54,98,735,19.23,27.217.044,22.616.214,36380.10
Novais,3533254,novaense,PAULO CESAR DIAS PINHEIRO,117.772,5945,38.99,100,719,41.67,1.841.887.984,1.645.299.792,10196.95
Nova Luzit&acirc;nia,3533304,luzitaniense,MIGUEL JOS&Eacute; ARA&Uacute;JO JUNIOR,73.816,4160,46.46,98.6,743,32.26,1.853.740.846,1.476.697.035,12332.03
Nova Odessa,3533403,novaodessense,CLAUDIO JOSE SCHOODER,73.788,60956,689.48,98.4,791,10.85,18.377.799.214,15.954.846.645,59633.81
Novo Horizonte,3533502,novo-horizontino,FABIANO DE MELLO BELENTANI,931.743,41414,39.28,97.7,753,9.84,12.099.378.292,10.858.142.886,26915.60
Nuporanga,3533601,nuporanguense,DANIEL VIANA MELO,348.265,7478,19.57,97.8,746,24.39,388.826.448,3.400.459.141,70520.18
Ocau&ccedil;u,3533700,ocau&ccedil;uense,JO&Atilde;O BENEDITO COSTA E SILVA,301.036,4291,13.86,97.7,717,14.08,195.031.206,1.519.034.513,27040.70
&Oacute;leo,3533809,oleense,JORD&Atilde;O ANT&Ocirc;NIO VIDOTTO,198.938,2471,13.49,98.9,730,37.04,1.532.865.079,1.253.571.264,32970.07
Ol&iacute;mpia,3533908,olimpiense,FERNANDO AUGUSTO CUNHA,802.555,55130,62.32,97.4,773,14.95,23.651.737.307,19.287.692.923,37387.02
Onda Verde,3534005,onda-verdense,FABRICIO PIRES DE CARVALHO,242.946,4422,16.03,98.7,738,16.95,2.406.966.537,2.121.726.279,38174.26
Oriente,3534104,orientense,GERALDO MATHEUS MORIS,218.668,6542,27.89,97.2,770,13.33,1.924.227.146,1.691.737.038,15344.27
Orindi&uacute;va,3534203,orindiuvense,MIRELI CRISTINA LEITE RUVI&Eacute;RI MARTINS,247.378,7194,22.87,99.3,767,24.69,4.016.358.444,3.371.930.236,58280.24
Orl&acirc;ndia,3534302,orlandino,SERGIO AUGUSTO BORDIN JUNIOR,291.765,44360,136.34,98.3,780,4.26,17.394.185.908,13.741.076.196,42003.28
Osasco,3534401,osasquense,ROGERIO LINS WANDERLEY,64.954,699944,10264.80,96,776,11.79,221.619.155.475,2.035.375.238,109936.21
Oscar Bressane,3534500,bressanense,LUIZ ANTONIO ROMANO,222.130,2603,11.46,96.7,749,43.48,1.627.763.983,1.412.958.953,34900.31
Osvaldo Cruz,3534609,osvaldo-cruzense,VERA LUCIA ALVES,248.038,33000,124.47,97.6,762,12.20,824.326.617,705.011.321,25930.54
Ourinhos,3534708,ourinhense,LUCAS POCAY ALVES DA SILVA,295.818,114352,347.78,98.2,778,5.91,2.968.932.577,25.548.507.149,27232.54
Ouroeste,3534757,ouroestense,ALEX GARCIA SAKATA,288.648,10539,29.10,99.7,770,8.40,7.818.363.605,6.053.381.886,41425.64
Ouro Verde,3534807,ouro-verdense,CLAUDINEI DOS SANTOS,266.778,8620,29.15,97.3,692,10.20,2.526.211.619,2.278.532.283,13210.54
Pacaembu,3534906,pacaembuense,JOAO FRANCISCO MUGNAI NEVES,339.375,14263,39.07,98.9,725,18.52,4.186.300.654,3.782.193.239,21542.47
Palestina,3535002,palestinense,REINALDO APARECIDO DA CUNHA,697.701,13123,15.89,96.6,732,7.14,4.182.613.912,3.592.185.359,23871.29
Palmares Paulista,3535101,palmarense,LUCAS APARECIDO DA ASSUM&Ccedil;&Atilde;O,82.125,13486,133.14,98.2,722,14.29,2.822.215.482,2.482.058.274,9376.19
Palmeira d'Oeste,3535200,palmeirense,REINALDO SAVAZI,318.740,9227,30.02,98.5,753,11.49,2.782.846.216,2.393.515.202,20086.66
Palmital,3535309,palmitalense,LUIS GUSTAVO MENDES MORAES,548.407,22272,38.67,97.2,746,19.16,8.232.960.384,7.059.461.925,30936.78
Panorama,3535408,panoramense,CARLOS HIROCI OUTI,356.050,15862,40.93,95.8,722,17.86,4.439.146.296,4.226.469.893,16827.13
Paragua&ccedil;u Paulista,3535507,paragua&ccedil;uense,ANTONIO TAKASHI SASADA,1.001.492,45945,42.22,99.4,762,13.49,15.432.725.499,13.927.728.116,33792.38
Paraibuna,3535606,paraibunense,VICTOR DE CASSIO MIRANDA,809.576,18263,21.48,97.2,719,4.72,6.668.602.864,5.615.149.568,15336.37
Para&iacute;so,3535705,paraisense,WALDOMIRO ANTONIO SGOBI,155.186,6496,37.85,99.1,749,12.82,3.197.366.678,2.523.523.892,34584.67
Paranapanema,3535804,paranapanemense,RODOLFO HESSEL FANGANIELLO,1.018.724,20395,17.48,98.1,717,6.45,9.227.042.715,8.276.108.345,31198.29
Paranapu&atilde;,3535903,paranapuense,DANIEL JUNIOR DURAN PINATTO,140.354,4095,27.16,98.4,732,14.93,1.955.104.085,1.507.136.206,27485.59
Parapu&atilde;,3536000,parapuense,GILMAR MARTIN MARTINS,366.664,10949,29.65,98.9,737,10.75,335.951.357,3.004.581.067,32118.91
Pardinho,3536109,pardinhense,JOSE LUIZ VIRGINIO DOS SANTOS,209.894,6508,26.59,98.3,727,37.38,3.364.232.737,2.880.340.729,47454.61
Pariquera-A&ccedil;u,3536208,pariquerense,WAGNER BENTO DA COSTA,359.414,19723,51.34,97.1,736,6.47,4.757.706.273,427.937.438,25926.61
Parisi,3536257,parasiano,OCLAIR BARAO BENTO,84.737,2169,24.04,99.6,721,51.28,1.767.099.827,1.466.202.813,31045.80
Patroc&iacute;nio Paulista,3536307,patrocinense,JOSE MAURO BARCELLOS,602.848,14807,21.56,97.8,730,19.51,6.047.920.741,4.691.510.802,60792.11
Paulic&eacute;ia,3536406,pauliceiense,ANTONIO SIMONATO,374.091,7454,16.97,94,711,8.55,3.238.808.958,2.994.355.696,20705.29
Paul&iacute;nia,3536505,paulinense,EDNILSON CAZELLATO,138.777,112003,592.17,97.9,795,6.12,148.923.868.636,118.481.035.885,306163.17
Paulist&acirc;nia,3536570,paulistaniense,PAULO AUGUSTO GRANCHI,256.178,1834,6.93,97.5,718,47.62,1.631.783.815,1.422.611.792,22430.93
Paulo de Faria,3536604,paulo-fariense,MARIO DE FELICIO NETO,737.986,8959,11.63,98.5,725,24.69,4.055.542.368,3.391.073.375,30110.56
Pederneiras,3536703,pederneirense,IVANA MARIA BERTOLINI CAMARINHA,727.482,47111,56.92,98.3,739,9.42,13.125.501.306,11.779.819.984,47430.98
Pedra Bela,3536802,pedra-belense,ALVARO JESIEL DE LIMA,158.587,6110,36.45,95.8,677,14.49,1.983.618.553,188.082.233,13782.13
Pedran&oacute;polis,3536901,pedranopolense,MARCOS ADRIANO DA SILVA,260.101,2481,9.83,100,742,34.48,2.116.627.033,1.580.577.599,25672.04
Pedregulho,3537008,pedregulhense,DIRCEU POLO FILHO,712.604,16811,22.03,98.4,715,4.63,5.204.867.802,443.100.593,52418.86
Pedreira,3537107,pedreirense,HAMILTON BERNARDES JUNIOR,108.817,48463,382.70,98.1,769,6.24,1.374.026.991,12.470.724.961,26471.59
Pedrinhas Paulista,3537156,pedrinhense,FREDDIE COSTA NICOLAU,152.309,3101,19.28,97.3,774,37.04,1.965.697.603,1.696.378.292,44364.89
Pedro de Toledo,3537206,toledense,ELEAZAR MUNIZ JUNIOR,670.440,11421,15.22,99.3,696,25.42,3.470.398.334,3.102.067.674,12787.40
Pen&aacute;polis,3537305,penapolitano,CARLOS HENRIQUE ROSSI CATALANI,711.315,63757,82.31,98.7,759,13.17,17.661.952.902,16.209.610.449,26395.81
Pereira Barreto,3537404,pereira-barretense,JO&Atilde;O DE ALTAYR DOMINGUES,974.247,25677,25.50,98.1,766,3.83,9.581.424.479,8.271.309.802,29553.41
Pereiras,3537503,pereirense,MIGUEL TOMAZELA,223.136,8773,33.38,96.8,736,19.05,2.705.368.325,2.347.577.323,23954.99
Peru&iacute;be,3537602,peruibense,LUIZ MAURICIO PASSOS DE CARVALHO PEREIRA,326.216,69001,184.40,98.6,749,17.26,24.730.703.255,22.494.907.246,22538.10
Piacatu,3537701,piacatuense,EUCLASIO GARRUTTI,232.488,6038,22.75,97.5,732,61.54,2.198.423.647,1.923.673.174,15498.37
Piedade,3537800,piedadense,GERALDO PINTO DE CAMARGO FILHO,746.868,55542,69.82,95.6,716,13.68,12.253.349.585,11.029.826.169,21916.31
Pilar do Sul,3537909,pilarense,MARCO AUR&Eacute;LIO SOARES,681.248,29402,38.77,93.8,690,18.04,7.353.353.137,6.526.658.378,23370.06
Pindamonhangaba,3538006,pindamonhangabense,ISAEL DOMINGUES,731.355,170132,201.39,98.2,773,13.84,4.372.657.743,3.985.650.337,51761.18
Pindorama,3538105,pindoramense,GERALDO FELIPPE JUNIOR,184.825,17216,81.37,97.5,737,6.29,4.675.149.637,4.131.001.861,22081.72
Pinhalzinho,3538204,pinhalzinhense,BENEDITO LAURO DE LIMA,154.529,15388,84.81,97.8,725,13.33,3.796.140.892,3.375.481.331,17475.49
Piquerobi,3538303,piquerobiense,ADRIANA CRIVELLI BIFFE,482.769,3699,7.33,99.4,711,52.63,1.903.692.464,1.569.345.974,15089.43
Piquete,3538501,piquetense,R&Ocirc;MULO KAZIMIERZ LUSZCZYNSKI,175.996,13575,80.16,98.8,757,19.48,297.223.304,2.543.765.315,11973.44
Piracaia,3538600,piracaiense,JOS&Eacute; SILVINO CINTRA,385.568,27462,65.15,98,739,2.74,8.166.970.253,7.059.298.437,17540.72
Piracicaba,3538709,piracicabano,LUCIANO SANTOS TAVARES DE ALMEIDA,1.378.069,407252,264.47,97.5,785,8.98,161.867.727.203,152.917.760.687,65896.34
Piraju,3538808,pirajuense,JOS&Eacute; MARIA COSTA,504.591,29869,56.44,98.3,758,7.81,8.801.455.865,8.033.940.458,24936.58
Piraju&iacute;,3538907,pirajuiense,CESAR HENRIQUE DA CUNHA FIALA,823.758,25719,27.55,97.3,749,14.65,6.479.156.603,5.550.857.773,18702.35
Pirangi,3539004,piranginense,ANGELA MARIA BUSNARDO,215.809,11471,49.30,97.8,756,15.50,3.535.515.179,2.958.445.405,29289.51
Pirapora do Bom Jesus,3539103,piraporense,DANY WILIAN FLORESTI,108.489,19178,144.98,97.5,727,15.09,5.801.785.572,538.756.971,24587.66
Pirapozinho,3539202,pirapozense,VALDIR ASSEF,477.673,27754,51.66,98.8,776,17.86,7.378.301.617,6.625.808.534,34839.45
Pirassununga,3539301,pirassununguense,MILTON DIMAS TADEU URBAN,727.118,76877,96.38,98.2,801,13.68,22.245.669.896,21.399.723.691,36765.67
Piratininga,3539400,piratiningano,JORGE LUIS DIAS,402.409,13765,30.00,98.4,779,11.30,4.592.428.939,3.660.663.632,17432.02
Pitangueiras,3539509,pitangueirense,MARCOS AUR&Eacute;LIO SORIANO,430.638,40080,81.99,99,723,8.42,11.885.489.297,10.347.789.997,27053.73
Planalto,3539608,planaltense,OLIMPIO SEVERINO DA SILVA,289.825,5304,15.38,99.2,719,33.90,2.693.760.005,2.254.537.217,30164.36
Platina,3539707,platinense,WAGNER ROBERTO DE LIMA,327.480,3578,9.77,98.5,719,21.74,1.877.785.413,1.615.193.922,26801.38
Po&aacute;,3539806,poaense,MARCIA TEIXEIRA BIN DE SOUZA,17.264,118349,6141.05,97.6,771,18.19,44.633.287.975,3.945.058.237,39992.89
Poloni,3539905,poloniense,WALDENOR MONTANARI JUNIOR,135.120,6113,40.40,99.5,766,14.49,255.094.264,194.140.428,21985.92
Pomp&eacute;ia,3540002,pompeiano,ISABEL CRISTINA ESCORCE JANU&Aacute;RIO,784.674,22172,25.46,98.6,786,19.23,877.315.226,7.394.540.026,56951.86
Ponga&iacute;,3540101,pongaiense,GILHIARD HENRIQUE DE BORTOLI,183.399,3400,18.99,97.4,755,33.33,17.231.881,1.546.844.883,23673.17
Pontal,3540200,pontalense,JOSE CARLOS NEVES SILVA,356.371,50852,112.94,94.5,725,5.36,9.177.976.343,9.150.481.147,23772.76
Pontalinda,3540259,pantalindense,SISINIO DE OLIVEIRA LEAO,209.525,4674,19.38,98.3,702,54.55,2.041.978.372,1.865.277.949,17009.93
Pontes Gestal,3540309,pontes-gestalense,ESMERALDO CRISTIANO CAROLINO,217.505,2577,11.58,97.8,732,29.41,258.332.794,2.241.752.102,60563.97
Populina,3540408,populinense,ADAUTO SEVERO PINTO,315.938,4152,13.37,99.6,714,25.00,2.391.386.681,2.175.022.199,22982.84
Porangaba,3540507,porangabense,JO&Atilde;O CARLOS ALVES BARROS,265.689,10067,31.34,94.7,703,20.20,2.694.034.188,2.403.870.298,18026.55
Porto Feliz,3540606,porto-felicense,ANTONIO C&Aacute;SSIO HABICE PRADO,556.706,53402,87.83,98.2,758,9.47,23.788.026.644,20.734.370.731,49253.38
Porto Ferreira,3540705,ferreirense,R&Ocirc;MULO LUIS DE LIMA RIPA,244.906,56504,209.88,98.1,751,5.36,1.845.406.666,15.862.332.425,36767.59
Potim,3540754,potinense,ERICA SOLER SANTOS DE OLIVEIRA,44.643,25130,436.20,99.3,697,23.81,4.464.605.728,4.049.958.409,9005.43
Potirendaba,3540804,potirendabano,GISLAINE MONTANARI FRANZOTTI,342.492,17516,45.12,98,747,4.61,6.269.658.066,5.652.412.938,29949.39
Pracinha,3540853,pracinhense,MAURILEI APARECIDO DIAS DA SILVA,63.054,4212,45.48,100,696,-,1.240.208.938,1.083.880.943,8256.98
Prad&oacute;polis,3540903,pradopolense,SILVIO MARTINS,167.378,21873,103.82,96.3,733,4.41,7.010.562.358,5.791.505.729,40977.09
Praia Grande,3541000,praia-grandense,RAQUEL AUXILIADORA CHINI,149.253,330845,1781.87,96.9,754,13.83,141.682.099.938,128.266.266.264,22064.57
Prat&acirc;nia,3541059,pratino,DAVI PIRES BATISTA,175.100,5317,26.26,97.7,701,14.71,2.063.681.564,1.842.579.704,25213.86
Presidente Alves,3541109,alvense,CRISTIANO DOS SANTOS,286.642,4080,14.36,98.9,735,16.13,1.640.363.642,1.399.772.865,17861.26
Presidente Bernardes,3541208,bernardense,REGINALDO LUIZ ERNESTO CARDILO,749.233,13023,18.12,98.5,757,30.30,4.462.155.147,3.935.506.732,20494.34
Presidente Epit&aacute;cio,3541307,epitaciano,CASSIA REGINA ZAFFANI FURLAN,1.260.281,44389,32.79,98.8,750,11.21,10.076.290.249,8.747.982.225,19364.06
Presidente Prudente,3541406,prudentino,EDSON TOMAZINI,560.637,230371,368.89,97.8,806,10.20,68.320.623.001,64.655.234.024,35207.07
Presidente Venceslau,3541505,venceslauense,BARBARA MEDEIROS VILCHES,755.203,39583,50.10,98.6,763,07.08,12.662.658.684,11.761.184.149,18163.42
Promiss&atilde;o,3541604,promissense,ARTUR MANOEL NOGUEIRA FRANCO,779.200,40828,45.78,96.7,743,16.55,11.500.584.254,9.670.177.294,40628.23
Quadra,3541653,quadrense,LHEONIDES DE OLIVEIRA ANDRADE,205.672,3854,15.73,98.3,678,19.23,2.091.741.061,1.842.621.274,26393.71
Quat&aacute;,3541703,quataense,MARCELO DE SOUZA PECCHIO,651.341,14210,19.68,98.7,738,6.71,4.997.477.317,4.418.177.808,32860.67
Queiroz,3541802,queirozense,WALTER RODRIGO DA SILVA,234.914,3460,12.01,98.1,715,19.61,221.859.865,1.908.298.897,97276.33
Queluz,3541901,queluzense,LAURINDO JOAQUIM DA SILVA GARCEZ,249.399,13606,45.27,98,722,09.01,3.862.304.826,3.367.443.423,25423.85
Quintana,3542008,quintanense,FERNANDO BRANCO NUNES,318.937,6688,18.79,98.1,732,23.53,2.596.538.474,2.232.100.397,26261.02
Rafard,3542107,rafardense,F&Aacute;BIO DOS SANTOS,121.645,9101,70.80,98.3,745,9.26,4.061.526.321,3.469.974.755,35586.08
Rancharia,3542206,ranchariense,MARCOS SLOBODTICOV,1.587.498,29726,18.14,97.5,751,22.96,9.794.357.859,8.519.820.751,37222.41
Reden&ccedil;&atilde;o da Serra,3542305,rendencense,JUCIMAR FERREIRA DA SILVA,309.441,3839,12.52,95.2,657,20.00,1.791.564.921,1.577.990.827,13767.32
Regente Feij&oacute;,3542404,regentense,ANDR&Eacute; MARCELO ZUQUERATO DOS SANTOS,263.280,20394,69.77,98.8,768,04.03,6.277.831.766,5.764.713.876,35313.43
Regin&oacute;polis,3542503,reginopolitano,CAROLINA ARA&Uacute;JO DE SOUSA VER&Iacute;SSIMO,410.406,9837,17.83,98.8,728,15.38,2.682.504.292,2.158.924.047,15428.57
Registro,3542602,registrense,NILTON JOSE HIROTA DA SILVA,722.201,56393,75.11,97.3,754,6.31,18.394.863.276,16.356.212.876,34962.27
Restinga,3542701,restinguense,KARLA MONTAGNINI FERRACIOLI,245.746,7679,26.80,98.6,705,17.54,2.776.477.117,2.447.316.489,22126.48
Ribeira,3542800,ribeirense,ARI DO CARMO SANTOS,335.759,3330,10.00,97,698,63.83,1.795.611.432,1.501.425.486,14361.28
Ribeir&atilde;o Bonito,3542909,ribeir&atilde;o-bonitense,ANTONIO CARLOS CAREGARO,471.553,13299,25.73,98.7,712,14.18,3.751.344.987,3.354.051.695,19500.82
Ribeir&atilde;o Branco,3543006,ribeir&atilde;o-branquense,MAURO JOSE TEIXEIRA,697.500,16211,26.19,97.5,639,33.71,4.631.757.908,3.896.385.758,17976.03
Ribeir&atilde;o Corrente,3543105,ribeir&atilde;o-correntense,ANA LOURINETE COSTA LOBO MONTANHER,148.332,4752,28.81,100,711,30.30,2.181.942.408,1.957.753.411,23548.05
Ribeir&atilde;o do Sul,3543204,ribeir&atilde;o-sulense,SALMA APARECIDA MEROTO BEFFA,203.208,4539,21.83,99,747,22.22,2.155.529.534,1.892.958.248,33392.70
Ribeir&atilde;o dos &Iacute;ndios,3543238,ribeirindio,JOSE AMAURI LENZONI,196.446,2224,11.14,98.6,721,45.45,1.603.101.851,1.254.409.571,16030.11
Ribeir&atilde;o Grande,3543253,ribeir&atilde;o grandense,MARCELO LUIS NUNES,333.363,7679,22.26,96.8,705,11.49,3.016.019.922,2.467.096.158,34793.11
Ribeir&atilde;o Pires,3543303,ribeir&atilde;o-pirense,CLOVIS VOLPI,99.075,124159,1140.73,97.4,784,9.15,29.522.317.612,27.371.116.042,24818.57
Ribeir&atilde;o Preto,3543402,ribeir&atilde;o-pretano,ANTONIO DUARTE NOGUEIRA JUNIOR,650.916,711825,928.92,96.9,800,9.19,28.885.652.922,249.764.250.729,49425.29
Riversul,3543501,riversulense,JOSE GUILHERME GOMES,385.878,5443,15.96,95.9,664,15.87,18672.10,1.803.281.346,12349.69
Rifaina,3543600,rifainense,HUGO CESAR LOUREN&Ccedil;O,162.508,3640,21.14,99.2,740,23.26,336.170.077,2.780.257.514,33254.17
Rinc&atilde;o,3543709,rinconense,BRAZ RODRIGUES,316.639,10812,32.96,98.2,734,7.75,3.187.272.117,2.917.087.756,18176.48
Rin&oacute;polis,3543808,rinopolense,JOSE FERREIRA DE OLIVEIRA NETO,358.481,9961,27.73,98.6,723,28.57,2.917.265.856,2.576.917.976,25464.98
Rio Claro,3543907,rio-clarense,JOAO TEIXEIRA JUNIOR,498.422,208008,373.69,98.2,803,11.81,80.352.541.222,73.241.203.469,47851.56
Rio das Pedras,3544004,rio-pedrense,MARCOS BUZETTO,226.657,35738,130.16,98.4,759,5.15,10.240.719.133,9.462.713.742,40086.87
Rio Grande da Serra,3544103,riogranserrense ou  serrano ou riogransense,CLAUDIO MANOEL MELO,36.341,51436,1210.04,98.2,749,8.00,8.897.607.302,7.289.705.085,11282.40
Riol&acirc;ndia,3544202,riolandense,ANTONIO CARLOS SANTANA DA SILVA,631.897,12689,16.70,96.7,703,09.09,3.892.572.303,3.488.575.768,20423.64
Rosana,3544251,rosanense,SILVIO GABRIEL,744.011,16281,26.51,98.1,764,13.04,9.368.095.622,8.095.572.407,70267.57
Roseira,3544301,roseirense,FERNANDO AUGUSTO DE SIQUEIRA,129.847,10801,73.47,98.7,737,37.59,3.389.539.412,3.001.964.446,27647.35
Rubi&aacute;cea,3544400,rubiacense,JULIO CESAR FELISMINO,236.484,3162,11.52,99.5,721,28.57,167.063.947,1.322.927.953,20298.51
Rubin&eacute;ia,3544509,rubineiense,OSVALDO LUGATO FILHO,242.877,3170,11.78,100,759,43.48,2.553.942.748,2.009.432.874,24965.32
Sabino,3544608,sabinense,EDER RUIZ MAGALH&Atilde;ES DE ANDRADE,305.285,5614,16.78,97.2,728,17.86,2.438.155.714,2.100.327.135,21248.16
Sagres,3544707,sagrense,ROBERTO BATISTA PIRES,147.935,2430,16.20,99.2,730,38.46,140.088.457,115.076.192,15451.37
Sales,3544806,salense,JOSEMAR FRANCISCO DE ABREU,308.555,6407,17.67,100,751,17.24,3.263.757.083,2.715.044.214,22858.39
Sales Oliveira,3544905,salense,F&Aacute;BIO GODOY GRATON,305.776,11998,34.58,98.8,772,7.52,4.424.732.066,3.653.791.764,29378.39
Sales&oacute;polis,3545001,salesopolense,VANDERLON OLIVEIRA GOMES,424.997,17252,36.79,98.4,732,5.32,4.234.510.216,3.824.498.838,11899.42
Salmour&atilde;o,3545100,salmourense,JOS&Eacute; LUIZ ROCHA PERES,172.934,5337,27.96,98.3,719,27.03,1.637.061.593,145.034.334,13614.17
Saltinho,3545159,saltinhense,HELIO FRANZOL BERNARDINO,99.738,8393,70.78,96.8,791,21.51,2.867.208.886,2.464.291.731,30002.45
Salto,3545209,saltense,LAERTE SONSIN J&Uacute;NIOR,133.057,119736,792.13,98.4,780,7.73,35.424.464.005,3.222.559.574,62187.92
Salto de Pirapora,3545308,saltense,MATHEUS MARUM DE CAMPOS,280.509,45860,143.02,98.6,729,12.94,13.172.943.224,119.093.116,37530.47
Salto Grande,3545407,salto-grandense,MARIO LUCIANO ROSA,188.441,9364,46.64,96.5,704,9.17,2.997.147.426,2.633.254.072,23885.16
Sandovalina,3545506,sandovalino ou sandovalinense,FRANCISCO MENDES DA SILVA,455.856,4354,8.13,98.2,709,18.87,3.230.783.146,2.594.594.712,90156.11
Santa Ad&eacute;lia,3545605,santa-adeliense,GUILHERME COLOMBO DA SILVA,330.269,15561,43.32,100,760,10.93,4.550.482.836,4.128.203.322,19941.08
Santa Albertina,3545704,santa-albertinense,GERSON FORMIGONI JUNIOR,272.692,6022,20.98,98.8,728,46.15,2.880.462.392,2.566.663.718,30542.24
Santa B&aacute;rbara d'Oeste,3545803,barbarense,RAFAEL PIOVEZAN,271.030,194390,664.49,98.4,781,9.95,52.548.717.725,50.826.275.516,30798.27
Santa Branca,3546009,santa-branquense,ADRIANO MARCHESANI LEVORIN,272.238,14857,50.56,98.8,735,48.78,4.651.746.241,4.300.441.533,16610.52
Santa Clara d'Oeste,3546108,santa-clarense,JOSE BASILIO DE FARIA,183.458,2113,11.36,98.5,733,48.78,1.775.740.355,1.531.284.899,32177.82
Santa Cruz da Concei&ccedil;&atilde;o,3546207,santa-cruzense,CARLOS EDUARDO ARANHA DE ALBUQUERQUE,150.130,4544,26.66,99.6,790,30.30,2.327.435.012,2.175.271.564,27720.76
Santa Cruz da Esperan&ccedil;a,3546256,santacruzense,MARCOS ANTONIO BAZILIO,148.062,2153,13.19,86.2,743,66.67,1.577.904.758,1.468.003.002,24309.59
Santa Cruz das Palmeiras,3546306,palmeirense,JOS&Eacute; CRECENTINO BUSSAGLIA,295.337,34737,101.35,97.3,728,12.69,7.931.366.173,7.508.550.382,14724.73
Santa Cruz do Rio Pardo,3546405,santa-cruzense,DIEGO HENRIQUE SINGOLANI COSTA,1.114.747,47943,39.44,96.3,762,09.04,14.198.941.307,14.003.527.044,42906.75
Santa Ernestina,3546504,santa-ernestinense,MARCELO APARECIDO VERONEZI,134.421,5588,41.42,99.2,738,16.95,2.002.997.331,1.714.222.391,16537.75
Santa F&eacute; do Sul,3546603,santa-f&eacute;-sulense,EVANDRO FARIAS MURA,206.537,32563,141.81,97.9,784,6.90,15.634.819.314,14.327.066.428,33819.05
Santa Gertrudes,3546702,santa-gertrudense,LAZARO NOE DA SILVA,98.291,27381,220.10,98.3,737,3.16,10.594.838.071,9.570.211.402,67000.11
Santa Isabel,3546801,isabelense,CARLOS AUGUSTO CHINCHILLA ALFONZO,363.332,57966,138.87,97.8,738,9.75,15.136.275.039,13.902.052.821,27752.63
Santa L&uacute;cia,3546900,santa-luciense,LUIZ ANTONIO NOLI,153.860,8854,53.55,98.6,737,20.20,2.182.635.578,1.796.846.151,13080.61
Santa Maria da Serra,3547007,serrense,JOSIAS ZANI NETO,252.621,6236,21.43,97.5,686,12.35,2.280.466.772,1.858.887.639,21876.38
Santa Mercedes,3547106,mercedense,VALDIR VERONA,166.753,2943,16.96,98.8,739,27.03,151.618.698,1.355.866.328,22641.73
Santana da Ponte Pensa,3547205,santanense-da-ponte-pensa,VAGNER HERNANDES,129.888,1467,12.60,100,773,111.11,1.396.835.312,1.113.800.382,23521.23
Santana de Parna&iacute;ba,3547304,parnaibano,ANTONIO MARCOS BATISTA PEREIRA,179.949,142301,604.74,97.3,814,8.32,92.358.145.122,6.943.226.095,67650.64
Santa Rita d'Oeste,3547403,santa-ritense,OSMAR SAMPAIO,209.800,2487,12.10,100,761,52.63,1.938.620.853,1.555.707.891,25305.72
Santa Rita do Passa Quatro,3547502,santa-ritense,MARCELO SIM&Atilde;O,754.141,27600,35.11,97.8,775,20.16,8.090.227.423,7.946.384.533,24132.89
Santa Rosa de Viterbo,3547601,santa-rosense,OMAR NAGIB MOUSSA,288.576,26753,82.69,97.9,770,8.20,6.860.156.295,6.103.555.143,26438.67
Santa Salete,3547650,saletense,JEDER FABIANO SANTIAGO SOUZA,79.192,1552,18.23,100,772,-,1.476.464.508,1.288.079.665,23375.01
Santo Anast&aacute;cio,3547700,anastaciano,JOS&Eacute; BONILHA SANCHES,552.876,20866,37.06,98.5,753,22.83,7.860.016.808,4.406.392.075,19766.77
Santo Andr&eacute;,3547809,andreense,PAULO HENRIQUE PINTO SERRA,175.782,721368,3848.01,97.4,815,7.59,249.358.887.628,230.185.231.093,40489.21
Santo Ant&ocirc;nio da Alegria,3547908,alegriense,RICARDO DA SILVA SOBRINHO,310.311,6977,20.32,97.5,702,25.64,2.507.804.394,2.201.369.989,18953.27
Santo Ant&ocirc;nio de Posse,3548005,possense,JO&Atilde;O LEANDRO LOLLI,154.133,23529,134.09,97.3,702,15.27,9.944.130.049,7.699.472.169,48880.01
Santo Ant&ocirc;nio do Aracangu&aacute;,3548054,aracanguaense,ROBERTO DON&Aacute;,1.308.432,8481,5.83,98.9,757,29.13,4.658.621.956,4.116.792.738,24823.67
Santo Ant&ocirc;nio do Jardim,3548104,jardinense,GILMAR DE OLIVEIRA PEZOTTI,109.956,5940,54.05,97,714,39.22,2.080.541.817,1.622.615.253,25307.38
Santo Ant&ocirc;nio do Pinhal,3548203,pinhalense,ANDERSON JOS&Eacute; MENDON&Ccedil;A,133.008,6827,48.76,98.3,706,21.51,2.608.665.888,2.484.380.549,16258.73
Santo Expedito,3548302,expeditense,ANDERSON JOS&Eacute; BETIO,94.465,3135,29.68,99.1,732,30.30,1.375.890.394,116.784.444,12372.99
Sant&oacute;polis do Aguape&iacute;,3548401,santopolitano,HAROLDO ALVES PIO,128.026,4817,33.44,98.6,740,16.95,1.761.005.984,1.449.899.071,14856.83
Santos,3548500,santista,PAULO ALEXANDRE PEREIRA BARBOSA,281.033,433656,1494.26,98.2,840,09.02,263.995.907.834,2.489.780.313,51915.03
S&atilde;o Bento do Sapuca&iacute;,3548609,s&atilde;o-bentista,ANA CATARINA MARTINS BONASSI,252.579,10893,41.37,98.5,720,8.20,3.385.689.703,2.964.338.366,18725.82
S&atilde;o Bernardo do Campo,3548708,s&atilde;o-bernardense,ORLANDO MORANDO JUNIOR,409.532,844483,1869.36,97.6,805,9.29,396.269.435.675,357.482.853.686,60689.23
S&atilde;o Caetano do Sul,3548807,sul-caetanense,JOSE AURICCHIO JUNIOR,15.331,161957,9736.03,97.4,862,6.54,133.280.760.882,115.817.091.112,83860.42
S&atilde;o Carlos,3548906,s&atilde;o-carlense,AIRTON GARCIA FERREIRA,1.136.907,254484,195.15,97.9,805,7.74,78.815.606.987,71.903.629.493,44796.83
S&atilde;o Francisco,3549003,s&atilde;o-francisquense,SEBASTI&Atilde;O DE OLIVEIRA BAPTISTA,75.579,2817,36.94,100,723,51.28,1.608.389.271,1.437.734.253,16925.04
S&atilde;o Jo&atilde;o da Boa Vista,3549102,s&atilde;o-joanense,MARIA TERESINHA DE JESUS PEDROZA,516.399,91771,161.96,97.2,797,15.97,34.328.908.186,31.394.732.844,34522.54
S&atilde;o Jo&atilde;o das Duas Pontes,3549201,s&atilde;o-joanense,JOSE CARLOS CEZARE,129.462,2561,19.84,99.4,720,33.33,1.649.692.245,136.876.726,17241.57
S&atilde;o Jo&atilde;o de Iracema,3549250,iracemense,VALDIR CANDIDO RIBEIRO,178.396,1932,9.97,98.1,748,153.85,1.754.935.515,1.481.882.878,17697.63
S&atilde;o Jo&atilde;o do Pau d'Alho,3549300,s&atilde;o-joanense,FERNANDO BARBERINO,117.665,2100,17.86,99.2,750,43.48,1.478.483.723,1.226.472.769,21896.43
S&atilde;o Joaquim da Barra,3549409,joaquinense,WAGNER JOS&Eacute; SCHMIDT,410.863,52319,113.28,96.7,762,8.53,12.785.056.901,11.725.073.056,33011.12
S&atilde;o Jos&eacute; da Bela Vista,3549508,bela-vistense,WALTER CASSIO CARVALHO FACCIROLLI,276.952,8960,30.35,97.9,693,21.28,2.930.064.157,2.692.364.328,18219.25
S&atilde;o Jos&eacute; do Barreiro,3549607,barreirense,ALEXANDRE DE SIQUEIRA BRAGA,570.685,4144,7.14,95.5,684,24.39,2.079.915.331,1.763.631.202,12761.63
S&atilde;o Jos&eacute; do Rio Pardo,3549706,rio-pardense,MARCIO CALLEGARI ZANETTI,419.684,55124,123.81,97.6,774,5.67,17.927.576.725,16.263.164.764,33227.23
S&atilde;o Jos&eacute; do Rio Preto,3549805,rio-pretense,EDSON EDINHO COELHO ARA&Uacute;JO,431.944,464983,945.12,98,797,8.42,163.500.040.112,148.508.901.712,38449.70
S&atilde;o Jos&eacute; dos Campos,3549904,joseense,FELICIO RAMUTH,1.099.409,729737,572.96,97.4,807,9.34,285.578.677.665,243.945.695.088,55603.18
S&atilde;o Louren&ccedil;o da Serra,3549953,s&atilde;o-lourensano,ARY ANTONIO DESPEZZIO CINTRA,186.456,15978,74.99,97.2,728,4.95,40.826.834,3.717.015.235,13319.90
S&atilde;o Luiz do Paraitinga,3550001,luizense,ANA LUCIA BILARD SICHERLE,617.315,10690,16.84,100,697,8.26,3.556.658.113,3.233.016.485,15394.97
S&atilde;o Manuel,3550100,s&atilde;o-manuelense,RICARDO SALARO NETO,650.734,41123,58.92,97.3,744,9.54,13.071.472.011,1.142.406.622,29556.56
S&atilde;o Miguel Arcanjo,3550209,s&atilde;o-miguelense,PAULO RICARDO DA SILVA,930.339,33002,33.80,95.9,710,14.22,8.029.668.934,7.310.570.149,20727.11
S&atilde;o Paulo,3550308,paulistano,BRUNO COVAS LOPES,1.521.110,12325232,7398.26,96,805,11.19,5.401.099.675.963,5.141.402.907.708,58691.90
S&atilde;o Pedro,3550407,s&atilde;o-pedrense,THIAGO SILVERIO DA SILVA,611.278,35980,51.98,94.8,755,4.68,13.741.658.565,10.885.813.408,21316.77
S&atilde;o Pedro do Turvo,3550506,s&atilde;o-pedrense,MARCO AURELIO OLIVEIRA PINHEIRO,731.221,7696,9.84,97.4,703,23.26,2.983.191.661,2.589.361.321,23834.77
S&atilde;o Roque,3550605,s&atilde;o-roquense,MARCOS AUGUSTO ISSA HENRIQUES DE ARAUJO,306.908,92060,256.82,97.6,768,13.65,26.979.897.123,23.847.189.096,33039.26
S&atilde;o Sebasti&atilde;o,3550704,sebastianense,FELIPE AUGUSTO,402.395,90328,185.00,98.2,772,7.75,68.372.361.133,64.159.319.352,43173.65
S&atilde;o Sebasti&atilde;o da Grama,3550803,gramense,JOSE FRANCISCO MARTHA,252.410,12159,47.94,98.3,701,19.05,3.359.802.654,3.036.808.808,23386.39
S&atilde;o Sim&atilde;o,3550902,simonense,MARCOS DANIEL BONAGAMBA,617.252,15385,23.24,99.8,766,15.04,5.430.719.042,4.886.635.085,29049.13
S&atilde;o Vicente,3551009,vicentino,KAYO FELYPE NACHTAJLER AMADO,148.100,368355,2247.88,96.7,768,16.10,95.778.542.282,89.572.104.015,15006.76
Sarapu&iacute;,3551108,sarapuiano,GUSTAVO DE SOUZA BARROS VIEIRA,352.592,10390,25.60,99,707,8.47,2.841.951.452,2.639.332.905,14289.18
Sarutai&aacute;,3551207,sarutaiano,ISNAR FRESCHI SOARES,141.608,3630,25.58,98.7,688,17.24,1.552.029.483,1.311.647.751,16875.42
Sebastian&oacute;polis do Sul,3551306,sebastianopolense,MANOEL ERANI LEITE MAGALHAES,167.848,3554,18.03,99,773,48.78,2.404.580.127,1.881.318.047,71224.85
Serra Azul,3551405,serra-azulense,AUGUSTO FRASSETTO NETO,283.144,14981,39.75,96.9,686,7.41,3.023.727.602,2.632.356.501,10758.97
Serrana,3551504,serranense,LEONARDO CARESSATO CAPITELI,126.046,45644,308.44,97.5,729,7.85,12.439.386.169,12.413.069.363,20663.93
Serra Negra,3551603,serrano,ELMIR KALIL ABI CHEDID,203.734,29452,129.52,97.8,767,12.31,10.222.379.222,9.309.180.207,24910.92
Sert&atilde;ozinho,3551702,sertanezino,WILSON FERNANDES PIRES FILHO,403.089,127142,273.22,98.5,761,15.19,51.989.895.916,43.647.244.101,44163.83
Sete Barras,3551801,barrense,DEAN ALVES MARTINS,1.062.699,12780,12.24,96.1,673,4.95,4.008.521.132,3.669.815.678,28760.76
Sever&iacute;nia,3551900,severinense,GL&Aacute;UCIA EMILIA SCATOLIN,140.460,17661,110.38,96,715,16.22,5.676.233.992,5.337.290.145,13372.83
Silveiras,3552007,silveirense,GUILHERME CARVALHO DA SILVA,414.782,6339,13.96,98.2,678,14.29,2.425.916.692,2.142.088.003,11685.72
Socorro,3552106,socorrense,JOSU&Eacute; RICARDO LOPES,449.029,41352,81.70,97.7,729,12.08,10.373.351.939,9.475.396.146,21180.14
Sorocaba,3552205,sorocabano,RODRIGO MAGANHATO,450.382,687357,1304.18,98.1,798,9.71,290.461.770.346,241.115.068.528,52169.13
Sud Mennucci,3552304,sud-mennucciano,JOS&Eacute; URBINO DOS SANTOS NETO,594.744,7728,12.57,98.3,747,9.43,3.696.941.725,3.483.406.856,21694.14
Sumar&eacute;,3552403,sumareense,LUIZ ALFREDO CASTRO RUZZA DALBEN,153.465,286211,1572.04,97.7,762,8.88,69.737.801.979,59.415.462.105,51832.02
Suzano,3552502,suzanense,RODRIGO KENJI DE SOUZA ASHIUCHI,206.236,300559,1272.93,96.7,765,10.75,75.454.529.123,60.056.875.131,37835.81
Suzan&aacute;polis,3552551,suzanapolense,JOSE LUIZ GAVA,330.587,4014,10.24,99.8,699,27.03,2.763.255.855,2.302.492.817,64171.13
Tabapu&atilde;,3552601,tabapu&atilde;nense,SILVIO CESAR SARTORELLO,345.792,12485,32.88,98.4,735,17.86,3.894.930.441,3.420.520.659,19073.08
Tabatinga,3552700,tabatinguense,EDUARDO PONQUIO MARTINEZ,368.604,16644,39.74,96.5,704,14.15,4.272.524.708,3.600.723.217,15488.05
Tabo&atilde;o da Serra,3552809,taboense,JOSE APRIGIO DA SILVA,20.388,293652,11994.31,96.9,769,13.30,79.920.332.595,68.760.938.547,29340.90
Taciba,3552908,tacibense,ALAIR ANTONIO BATISTA,607.267,6329,9.41,99.3,723,12.35,40.441.753,3.417.234.895,25011.83
Tagua&iacute;,3553005,tagua&iacute;no,JAIR CARIOVALDO CARNIATO,145.332,14141,74.51,97.3,709,21.62,3.477.455.964,3.144.380.012,19998.06
Taia&ccedil;u,3553104,taia&ccedil;uense,MAURICIO LOFRANO GERALDO,107.059,6320,55.27,97.8,710,37.04,2.320.197.518,1.852.071.058,15473.51
Tai&uacute;va,3553203,taiuvense,LEANDRO JOS&Eacute; JESUS BAPTISTA,132.459,5564,41.12,97.8,760,34.48,2.084.196.812,1.911.440.334,20486.83
Tamba&uacute;,3553302,tambauense,LEONARDO TEIXEIRA SPIGA REAL,561.788,23232,39.88,97.7,731,13.20,8.478.278.536,7.003.354.986,24209.88
Tanabi,3553401,tanabiense,NORAIR CASSIANO DA SILVEIRA,747.218,26101,32.25,99,748,04.02,7.793.768.822,6.488.793.619,35899.14
Tapira&iacute;,3553500,tapiraiense,ARALDO TODESCO,755.100,7766,10.61,98.3,681,33.71,2.903.222.377,2.254.915.523,18028.56
Tapiratiba,3553609,tapiratibense,RAMON JESUS VIEIRA,221.891,12950,57.23,98.2,751,6.94,4.624.360.329,3.638.266.474,25093.84
Taquaral,3553658,taquaralense,PAULO SERGIO CARDOSO DE OLIVEIRA,53.892,2813,50.58,98.2,759,31.25,1.522.967.138,1.332.540.252,13710.81
Taquaritinga,3553708,taquaritinguense,VANDERLEI JOS&Eacute; M&Aacute;RSICO,594.335,57364,90.95,98.2,748,11.01,19.572.986.329,17.250.013.688,27561.71
Taquarituba,3553807,taquaritubense,EDER MIANO PEREIRA,448.515,23256,49.71,97.8,701,17.36,7.937.934.748,6.714.529.949,29717.12
Taquariva&iacute;,3553856,taquarivaiense,RUBENS CARLOS SOUTO DE BARROS,231.792,5911,22.22,99.4,679,10.53,2.402.300.551,2.177.357.811,37750.95
Tarabai,3553906,taraba&iacute;no,JOSE ROQUE  DA SILVA LIRA,201.385,7540,32.78,99.2,726,10.42,2.213.979.281,2.100.502.729,15509.65
Tarum&atilde;,3553955,tarumaense,OSCAR GOZZI,302.913,15183,42.50,99,753,14.35,6.826.510.796,5.273.548.111,52291.48
Tatu&iacute;,3554003,tatuiano,MARIA JOSE PINTO VIEIRA DE CAMARGO,523.749,122967,205.03,97.6,752,12.99,33.521.954.724,29.401.376.822,33202.74
Taubat&eacute;,3554102,taubateano,JOSE ANTONIO SAUD JUNIOR,625.003,317915,445.98,98.1,800,12.53,115.001.020.818,108.850.718.946,55369.58
Tejup&aacute;,3554201,tejupaense,VALTER BORANELLI,296.189,4491,16.23,98.4,668,16.39,2.038.466.136,1.702.499.747,17508.61
Teodoro Sampaio,3554300,teodorense,JANDIRA SAMPAIO CAVICHINI GUTIERREZ,1.555.803,23273,13.74,97.1,741,14.08,7.386.055.533,6.584.112.864,19004.83
Terra Roxa,3554409,terra-roxense,WALDYR M&Ocirc;NACO FILHO,221.541,9437,38.39,98.9,749,10.31,285.977.748,2.372.592.671,15136.01
Tiet&ecirc;,3554508,tieteense,VLAMIR DE JESUS SANDEI,404.396,42517,91.09,97.1,778,9.42,14.695.439.967,13.382.402.054,43859.26
Timburi,3554607,timburiense,SILVIO CESAR SAVOGIN POLO,196.790,2652,13.45,99.7,710,47.62,1.781.613.234,1.564.012.207,16512.98
Torre de Pedra,3554656,torrepedrense,CIRO LUIZ PEDROSO,71.348,2422,31.59,98.4,714,40.00,1.340.793.487,118.465.287,12505.12
Torrinha,3554706,torrinhense,RENE JOSE BLUMER,315.267,10056,29.59,96.4,744,19.42,2.705.147.801,220.238.828,20407.61
Trabiju,3554755,trabijuense,MAURILIO TAVONI JUNIOR,63.421,1738,24.35,98.4,722,142.86,1.319.932.883,1.094.536.461,23765.75
Trememb&eacute;,3554805,tremembeense,CLEMENTE ANTONIO DE LIMA NETO,191.094,47714,214.17,97.8,785,11.95,11.543.878.802,11.371.491.882,16194.84
Tr&ecirc;s Fronteiras,3554904,trifonteirano,RUBENS JOSE BEL&Atilde;O,151.594,5832,35.90,98.8,753,12.50,2.028.116.732,1.719.962.123,18493.07
Tuiuti,3554953,tuiutiense,ANDERSON SANTOS CORREIA,126.731,6977,46.80,97.3,728,18.87,2.104.998.575,1.814.940.958,20003.02
Tup&atilde;,3555000,tup&atilde;ense,CAIO KANJI PARDO AOQUI,627.986,65570,100.99,97.3,771,15.03,15.810.832.831,14.530.654.681,27412.94
Tupi Paulista,3555109,tupinense-paulista,ALEXANDRE TASSONI ANTONIO,244.770,15583,58.16,99.4,769,18.18,4.586.682.798,3.895.097.427,17786.01
Turi&uacute;ba,3555208,turiubano,RUBENS FERNANDO DE SOUZA,153.235,2020,12.60,100,751,71.43,1.713.843.291,1.559.311.808,20889.90
Turmalina,3555307,turmalinense,ALEXANDRO RIBEIRO PEREIRA,147.797,1696,13.37,97.1,736,90.91,1.665.498.595,1.456.755.513,31849.80
Ubarana,3555356,ubaranense,GOMIDES FERRAZ NETO,209.861,6400,25.23,99.7,700,10.87,2.700.748.148,2.417.093.582,50883.11
Ubatuba,3555406,ubatubano,FLAVIA C&Ocirc;MITTE DO NASCIMENTO,708.105,91824,108.87,97.7,751,14.15,31.508.335.965,29.815.669.047,23826.80
Ubirajara,3555505,ubirajarense,ADRIANA BOCARDI ALLEGRETTI,282.179,4804,15.68,98.9,727,11.63,2.043.785.761,1.656.292.581,19662.00
Uchoa,3555604,uchoense,VALDEMIR ANTONIO PINHEIRO DE CARVALHO,252.434,10151,37.51,98.2,721,10.64,4.144.311.356,3.690.101.191,22187.55
Uni&atilde;o Paulista,3555703,uni&atilde;o-paulistense,KENDREA ALVES PAPILE CAVAT&Atilde;O,79.056,1865,20.21,96.8,749,90.91,1.479.532.857,1.219.537.474,24943.12
Ur&acirc;nia,3555802,uraniense,MARCIO ARJOL DOMINGUES,209.262,9120,42.29,100,746,10.53,2.593.831.201,2.228.244.791,23635.22
Uru,3555901,uruense,ROBSON EDUARDO FORTE,146.901,1153,8.51,95.1,712,90.91,1.508.053.182,128.089.538,35143.93
Urup&ecirc;s,3556008,urupeense,ALCEMIR C&Aacute;SSIO GR&Eacute;GGIO,323.916,13888,39.27,99.1,745,6.90,4.232.188.297,3.802.705.381,28591.76
Valentim Gentil,3556107,valentim-gentilense,ADILSON JESUS PEREZ SEGURA,149.741,13532,73.72,98.8,735,10.93,4.149.125.856,3.359.752.379,24770.24
Valinhos,3556206,valinhense,LUCIMARA GODOY VILAS BOAS,148.538,131210,718.70,97.2,819,7.18,55.122.333.114,46.500.677.039,48768.26
Valpara&iacute;so,3556305,valparaisense,CARLOS ALEXANDRE PEREIRA,857.661,26822,26.33,98,725,15.53,819.810.777,7.631.353.161,33427.00
Vargem,3556354,vargense,SILAS MARQUES DA ROSA,142.595,10692,61.71,98.1,699,17.54,2.355.212.652,2.127.149.876,12706.02
Vargem Grande do Sul,3556404,vargem-grandense,AMARILDO DUZI MORAES,267.178,43110,146.94,98.8,737,10.79,10.600.373.403,9.927.163.142,22882.07
Vargem Grande Paulista,3556453,vargem-grandense,JOSUE SILVEIRA RAMOS,42.489,53468,1012.10,97.2,770,8.11,16.189.361.096,14.051.841.277,40282.68
V&aacute;rzea Paulista,3556503,varzino,RODOLFO WILSON RODRIGUES BRAGA,35.120,123071,3049.14,96.9,759,15.17,27.888.558.835,23.574.621.113,23585.08
Vera Cruz,3556602,vera-cruzense,RODOLFO SILVA DAVOLI,247.716,10823,43.41,99,754,09.01,2.910.265.535,2.598.575.064,13148.65
Vinhedo,3556701,vinhedense,DARIO PACHECO DE MORAIS,81.604,80111,779.51,97.5,817,9.50,46.851.238.042,41.835.627.866,119996.43
Viradouro,3556800,viradourense,ANTONIO CARLOS RIBEIRO DE SOUZA,217.726,19017,79.44,98.4,739,8.97,5.929.368.816,5.160.634.254,18419.26
Vista Alegre do Alto,3556909,vista-alegrense,LUIS ANTONIO FIORANI,95.429,8989,72.50,100,744,12.20,3.751.317.079,3.137.457.874,40055.36
Vit&oacute;ria Brasil,3556958,vitoriabrasiliense,PAULO HENRIQUE MIOTTO,49.832,1846,34.95,98.5,725,66.67,1.349.808.908,1.119.787.992,19590.64
Votorantim,3557006,votorantinense,FABIOLA ALVES DA SILVA PEDRICO,183.517,123599,591.04,97.8,767,13.64,36.692.473.451,34.541.468.654,25495.29
Votuporanga,3557105,votuporanguense,JORGE AUGUSTO SEBA,420.703,95338,201.15,98.8,790,8.61,30.345.350.469,27.205.423.556,31244.00
Zacarias,3557154,zacariense,HEDER JEAN BRUNO DE OLIVEIRA,319.056,2752,7.32,98.6,729,32.26,2.474.474.691,1.871.416.876,32979.59
Chavantes,3557204,chavantense,MARCIO BURGUINHA DE JESUS DO REGO,188.727,12418,64.40,98.6,729,5.29,3.853.801.922,3.434.323.006,16706.08
Estiva Gerbi,3557303,estivense,CLAUDIA BOTELHO DE OLIVEIRA DIEGUES,74.144,11407,135.35,98.6,740,7.87,4.072.784.327,3.542.287.636,29883.47